time,pnl,long_pnl,benchmark_ret,cum_pnl,cum_long_pnl,cum_benchmark_ret,excess_ret,cum_excess_ret,turnover
2018-01-08,0.0,0.0,0.0,0.0,0.0,0.0,0.0,0.0,0.0
2018-01-09,-0.00014857066764944408,-0.00044676457426829686,0.0008694901679445,-0.00014857066764944408,-0.00044676457426829686,0.0008694901679445,-0.0013162547422127969,-0.0013162547422127969,0.05
2018-01-10,4.900919417415724e-05,0.0004176681554828165,0.0021593353710583,-9.956147347528684e-05,-2.9096418785480355e-05,0.0030288255390028,-0.0017416672155754836,-0.0030579219577882804,0.05
2018-01-11,8.327211690208841e-06,-0.00039368139348322365,0.0003706655322411,-9.1234261785078e-05,-0.000422777812268704,0.0033994910712439,-0.0007643469257243236,-0.003822268883512604,0.049999999999999996
2018-01-12,9.51251051894216e-05,-0.0021869058506389072,-0.008572478167785,3.890843404343589e-06,-0.0026096836629076114,-0.005172987096541101,0.006385572317146093,0.0025633034336334896,0.05
2018-01-15,5.299186492707241e-05,0.0005794200573200369,0.0071334163908125,5.6882708331416e-05,-0.0020302636055875745,0.0019604292942713986,-0.006553996333492462,-0.003990692899858973,0.05000000000000001
2018-01-16,0.0004945706760365986,0.00021805466964563083,0.0004571802547014,0.0005514533843680146,-0.0018122089359419436,0.0024176095489727985,-0.00023912558505576918,-0.004229818484914742,0.05000000000000001
2018-01-17,4.694072887732539e-06,0.00015427890172033373,0.0084864318103431,0.000556147457255747,-0.0016579300342216099,0.0109040413593159,-0.008332152908622766,-0.01256197139353751,0.049999999999999996
2018-01-18,0.0001252434936989647,-9.266385837634829e-05,0.0024095949573153,0.0006813909509547117,-0.0017505938925979582,0.0133136363166312,-0.002502258815691648,-0.01506423020922916,0.049999999999999996
2018-01-19,0.0003052090467228304,0.0007626546764936636,0.0072890221381988,0.000986599997677542,-0.0009879392161042946,0.02060265845483,-0.006526367461705136,-0.021590597670934294,0.05
2018-01-22,0.00014285182289430984,0.00017988285626184344,0.0122525929284334,0.0011294518205718519,-0.0008080563598424511,0.032855251383263395,-0.012072710072171556,-0.033663307743105844,0.049999999999999996
2018-01-23,-1.494961611487331e-05,0.0005758758942251377,0.0029174739577414,0.0011145022044569785,-0.00023218046561731339,0.03577272534100479,-0.002341598063516262,-0.036004905806622106,0.04999999999999999
2018-01-24,0.0002898586936737578,-4.818379175603086e-05,-0.0045137009955697,0.0014043608981307363,-0.0002803642573733442,0.031259024345435094,0.0044655172038136695,-0.03153938860280844,0.05
2018-01-25,0.00015926518712246852,-0.00019763986308652033,0.0022214894968308,0.001563626085253205,-0.00047800412045986455,0.03348051384226589,-0.0024191293599173207,-0.033958517962725754,0.049999999999999996
2018-01-26,-7.847490882692589e-05,-0.0014501006829882822,-0.0131554438272445,0.001485151176426279,-0.0019281048034481467,0.020325070015021394,0.011705343144256218,-0.022253174818469543,0.05
2018-01-29,9.962280697403701e-05,-0.00016887559501744948,-0.0094684813310998,0.001584773983400316,-0.002096980398465596,0.010856588683921595,0.00929960573608235,-0.01295356908238719,0.05000000000000001
2018-01-30,2.2790693905769162e-05,-0.0027653269111164768,-0.0058092172982445,0.0016075646773060853,-0.004862307309582073,0.0050473713856770954,0.003043890387128023,-0.009909678695259168,0.049999999999999996
2018-01-31,6.567852004145786e-05,-0.004815968677035306,-0.0163677791574413,0.001673243197347543,-0.009678275986617378,-0.011320407771764202,0.011551810480405992,0.001642131785146824,0.05
2018-02-01,0.0003029140954511235,-0.0008227584219438213,0.0027738549244159,0.0019761572927986665,-0.0105010344085612,-0.008546552847348302,-0.003596613346359721,-0.0019544815612128983,0.05
2018-02-02,0.0002545881521410174,-0.0006299220892622619,0.0035602970865158,0.0022307454449396837,-0.011130956497823462,-0.004986255760832501,-0.0041902191757780625,-0.006144700736990961,0.049999999999999996
2018-02-05,-9.55348532232408e-05,-0.006729821475360409,-0.0394024738641026,0.002135210591716443,-0.01786077797318387,-0.044388729624935105,0.032672652388742195,0.026527951651751234,0.05
2018-02-06,0.00019861698965659234,0.0006225910214901248,-0.0187612805149326,0.0023338275813730353,-0.017238186951693747,-0.06315001013986771,0.019383871536422723,0.04591182318817396,0.06897769070348854
2018-02-07,0.0004846442062920455,0.001788162639815329,-0.0088285936069091,0.002818471787665081,-0.015450024311878419,-0.07197860374677681,0.010616756246724429,0.05652857943489839,0.06727260078558216
2018-02-08,0.00012665447510691998,-0.003858155893531387,-0.0403640234984652,0.002945126262772001,-0.019308180205409805,-0.11234262724524201,0.03650586760493381,0.0930344470398322,0.06952924539175702
2018-02-09,-0.0001673763239111045,0.0029465420658933163,0.0132002974525211,0.0027777499388608965,-0.01636163813951649,-0.0991423297927209,-0.010253755386627783,0.08278069165320441,0.06530654433179614
2018-02-12,0.0006581239377331712,0.00040638331582740043,0.009273466138819,0.0034358738765940676,-0.01595525482368909,-0.0898688636539019,-0.0088670828229916,0.0739136088302128,0.06775853818583946
2018-02-13,0.0001576406724435056,0.000416449469844751,0.0049711906579792,0.003593514549037573,-0.01553880535384434,-0.0848976729959227,-0.004554741188134449,0.06935886764207835,0.07106691781422393
2018-02-14,-0.0001094396141715505,0.0021299212662014137,0.0221415228567732,0.0034840749348660225,-0.013408884087642927,-0.0627561501391495,-0.020011601590571786,0.049347266051506564,0.0691355395842054
2018-02-22,5.873841551435099e-05,0.0005275059459069714,0.004362382426002,0.0035428133503803733,-0.012881378141735955,-0.05839376771314749,-0.0038348764800950285,0.045512389571411536,0.07074239759673631
2018-02-23,-0.00012652279907181287,0.002827850371869792,0.0152879725627799,0.00341629055130856,-0.010053527769866163,-0.043105795150367596,-0.012460122190910108,0.03305226738050143,0.06712035614334197
2018-02-26,0.0002508280056243421,0.0004635337207941933,-0.0111838773992902,0.003667118556932902,-0.00958999404907197,-0.054289672549657796,0.011647411120084394,0.04469967850058583,0.06849298231712293
2018-02-27,0.00017528014340448923,0.00024727400979281046,-0.0060116291402169,0.0038423987003373913,-0.009342720039279159,-0.060301301689874694,0.00625890315000971,0.05095858165059554,0.06769367380847355
2018-02-28,-0.00039891821443800463,0.0016262323924177793,0.006437892737932,0.0034434804858993868,-0.00771648764686138,-0.05386340895194269,-0.00481166034551422,0.046146921305081315,0.06788941674033828
2018-03-01,1.1586860659923203e-05,-0.0005908499631527543,-0.0067206159159254,0.00345506734655931,-0.008307337610014134,-0.06058402486786809,0.006129765952772645,0.052276687257853956,0.06837777978517141
2018-03-02,-0.0004177233776192188,0.0005867174707989221,0.0014333300394533,0.003037343968940091,-0.007720620139215212,-0.05915069482841479,-0.0008466125686543779,0.05143007468919958,0.06859201019040323
2018-03-05,6.034662441277283e-05,0.0013886674998129587,0.0105015926085664,0.003097690593352864,-0.006331952639402253,-0.04864910221984839,-0.009112925108753441,0.042317149580446134,0.06700253409809748
2018-03-06,0.0002607803812127205,-0.0005945118823390175,-0.0060439322536637,0.0033584709745655846,-0.006926464521741271,-0.05469303447351209,0.005449420371324683,0.047766569951770824,0.06859397393805353
2018-03-07,-0.000529110480639102,0.0010061373095928555,0.0063003721024472,0.0028293604939264826,-0.0059203272121484156,-0.04839266237106489,-0.005294234792854345,0.04247233515891648,0.06885378053238385
2018-03-08,-5.9281530481872084e-05,0.0021801056422548564,0.0092843741842354,0.0027700789634446106,-0.003740221569893559,-0.03910828818682949,-0.007104268541980542,0.03536806661693593,0.06681611666342943
2018-03-09,-3.358886187167539e-05,0.002122011601879559,0.0074090937429672,0.0027364901015729352,-0.0016182099680140003,-0.03169919444386229,-0.005287082141087642,0.030080984475848286,0.0670012097726233
2018-03-12,-0.00022721244966717127,-0.0007187214714923561,-0.0055736462915819,0.002509277651905764,-0.002336931439506356,-0.037272840735444186,0.004854924820089544,0.03493590929593783,0.0691033529673178
2018-03-13,0.00031814346549000435,-0.001300304813108624,-0.0078678731097676,0.0028274211173957686,-0.0036372362526149804,-0.04514071384521179,0.006567568296658976,0.04150347759259681,0.07069083161806931
2018-03-14,-0.00040487920054696816,-0.0011464769455125287,0.000265970266915,0.0024225419168488003,-0.004783713198127509,-0.04487474357829679,-0.0014124472124275287,0.04009103038016928,0.07012988879506556
2018-03-15,-9.593435358111769e-05,-5.468894554771379e-05,-0.0074735368176534,0.0023266075632676826,-0.004838402143675223,-0.052348280395950186,0.007418847872105686,0.04750987825227496,0.07508865356001836
2018-03-16,0.00045954341270894864,0.000671799118374721,0.0028343829013538,0.0027861509759766314,-0.004166603025300502,-0.049513897494596386,-0.002162583782979079,0.04534729446929588,0.07208533590972556
2018-03-19,0.00023510503555820687,0.0004217119272275674,0.0030773033862736,0.003021256011534838,-0.0037448910980729345,-0.046436594108322786,-0.0026555914590460326,0.042691703010249854,0.07013601963444764
2018-03-20,-0.00012255224722222165,-0.0006168575520163032,-0.0046435811776734,0.0028987037643126165,-0.004361748650089238,-0.051080175285996184,0.004026723625657097,0.046718426635906946,0.07144653191467051
2018-03-21,-0.0003036280643864628,4.131695938076782e-05,-0.0060027676220498,0.0025950756999261536,-0.00432043169070847,-0.05708294290804598,0.006044084581430568,0.052762511217337514,0.0712954941910954
2018-03-22,0.00020724195497025708,-0.006700699816158297,-0.0392954079455939,0.0028023176548964105,-0.011021131506866767,-0.09637835085363988,0.0325947081294356,0.08535721934677312,0.06836550967579909
2018-03-23,0.0004646378765889155,0.0017384916627895227,-0.0022663349052287,0.003266955531485326,-0.009282639844077244,-0.09864468575886859,0.004004826568018223,0.08936204591479134,0.06949671920039341
2018-03-26,0.00013609192534545678,0.0030117917589828802,0.013417937924394,0.0034030474568307826,-0.006270848085094365,-0.08522674783447459,-0.01040614616541112,0.07895589974938022,0.07131891287141313
2018-03-27,7.726374063706812e-05,-0.0007391786905274355,-0.0131868565328546,0.003480311197467851,-0.0070100267756218,-0.0984136043673292,0.012447677842327164,0.09140357759170739,0.06673482300436606
2018-03-28,6.04433098298963e-05,0.001135372590816553,0.0124141198898849,0.0035407545072977473,-0.0058746541848052475,-0.0859994844774443,-0.011278747299068347,0.08012483029263905,0.06892536789938492
2018-03-29,1.0352505856455128e-05,0.0016589087767052287,0.0059223084628879,0.0035511070131542025,-0.004215745408100019,-0.0800771760145564,-0.004263399686182672,0.07586143060645638,0.0706897009950346
2018-03-30,-7.68901979574458e-06,0.0003765018366463988,-0.0023101016458123,0.003543417993358458,-0.00383924357145362,-0.0823872776603687,0.002686603482458699,0.07854803408891507,0.06928167921794978
2018-04-02,-0.00016855285446098955,-0.0012102875688219262,-0.0088982250347259,0.0033748651388974685,-0.005049531140275546,-0.0912855026950946,0.007687937465903974,0.08623597155481905,0.07234585583501604
2018-04-03,0.00021870057915051713,-0.00047944997533483786,-0.0042008180568649,0.0035935657180479856,-0.005528981115610384,-0.0954863207519595,0.0037213680815300623,0.08995733963634911,0.06987632898281074
2018-04-04,-0.00013979954928315425,0.00013575935954753584,0.0006072309700014,0.0034537661687648316,-0.005393221756062848,-0.0948790897819581,-0.00047147161045386416,0.08948586802589525,0.06981365380606527
2018-04-09,0.0005640530666348799,0.0005278780466107623,0.0145527930938078,0.004017819235399712,-0.004865343709452086,-0.08032629668815029,-0.014024915047197037,0.0754609529786982,0.0681702677715297
2018-04-10,0.00015666928726939977,0.0008757768635224032,0.0054934588640355,0.004174488522669112,-0.003989566845929683,-0.07483283782411479,-0.004617682000513097,0.0708432709781851,0.06868888289524128
2018-04-11,0.0003944451200632181,-0.0004034423143022151,-0.0093124400740539,0.00456893364273233,-0.004393009160231898,-0.0841452778981687,0.008908997759751685,0.0797522687379368,0.06982956448892307
2018-04-12,0.0003443859305268033,-0.0002538920830694291,-0.005864132284837,0.004913319573259133,-0.004646901243301327,-0.09000941018300569,0.00561024020176757,0.08536250893970436,0.06859635548619496
2018-04-13,0.0002965439416828078,-0.0007983150417366086,-0.0141142081113379,0.005209863514941941,-0.005445216285037936,-0.10412361829434359,0.013315893069601292,0.09867840200930565,0.06869214971914472
2018-04-16,0.0005673748381286015,-0.0024482400368693942,-0.0176382047707431,0.005777238353070542,-0.00789345632190733,-0.12176182306508669,0.015189964733873705,0.11386836674317936,0.07197238745364609
2018-04-17,-0.00043664767802456317,0.0010032424403463738,0.0088789822273485,0.005340590675045979,-0.006890213881560957,-0.1128828408377382,-0.007875739787002126,0.10599262695617724,0.06959127742583901
2018-04-18,0.0003175894858880923,0.0005508280828359739,0.0078253613687203,0.005658180160934071,-0.006339385798724983,-0.10505747946901789,-0.007274533285884326,0.09871809367029291,0.06891454943350529
2018-04-19,-1.4754876799704832e-05,-0.002639356712695824,-0.0164446833080689,0.005643425284134367,-0.008978742511420806,-0.12150216277708678,0.013805326595373073,0.11252342026566597,0.06797259341074587
2018-04-20,0.0001435351157141104,-0.0009852929319121727,-0.003508394327043,0.005786960399848477,-0.00996403544333298,-0.12501055710412978,0.002523101395130827,0.1150465216607968,0.0685027280108022
2018-04-23,0.00010938671169610342,0.002666698339048563,0.0209514245938346,0.0058963471115445806,-0.007297337104284416,-0.10405913251029518,-0.018284726254786037,0.09676179540601076,0.06792470119939825
2018-04-24,0.00028092194332325794,0.0005481267284111872,-0.0023404571905488,0.0061772690548678386,-0.006749210375873229,-0.10639958970084398,0.0028885839189599872,0.09965037932497076,0.06780346688777555
2018-04-25,0.00024520516441145084,-0.002499419900146446,-0.0173651351134912,0.006422474219279289,-0.009248630276019675,-0.12376472481433518,0.014865715213344753,0.1145160945383155,0.07128706752857862
2018-04-26,0.0001476416223191826,0.0002410734721268476,0.0029250596030998,0.006570115841598472,-0.009007556803892827,-0.12083966521123538,-0.0026839861309729523,0.11183210840734255,0.07126841414263832
2018-04-27,0.00033967519028442185,-0.0005454970417313088,-0.0003819155565568,0.006909791031882894,-0.009553053845624136,-0.12122158076779217,-0.0001635814851745088,0.11166852692216804,0.07303147928280021
2018-05-02,0.0003530353043938063,0.0014375241801887321,0.0070676946180105,0.0072628263362767,-0.008115529665435403,-0.11415388614978167,-0.005630170437821768,0.10603835648434627,0.07063630948886503
2018-05-03,6.042534826323791e-05,-0.00013896811483525272,-0.0037678762987334,0.007323251684539938,-0.008254497780270655,-0.11792176244851507,0.0036289081838981473,0.10966726466824442,0.07050335607609047
2018-05-04,-2.1246889371733082e-05,0.002147324465570669,0.0159374865775335,0.007302004795168205,-0.006107173314699985,-0.10198427587098158,-0.013790162111962831,0.0958771025562816,0.07052446399358406
2018-05-07,-4.1533263753067635e-05,0.0008540941162288805,0.0082551345310358,0.007260471531415137,-0.005253079198471105,-0.09372914133994578,-0.007401040414806919,0.08847606214147467,0.06903208838700792
2018-05-08,-0.00030383659722921496,-5.204986429497248e-05,-0.0009964141960298,0.006956634934185922,-0.0053051290627660775,-0.09472555553597559,0.0009443643317348275,0.08942042647320951,0.07051739483199482
2018-05-09,-0.0002198626999969057,0.000639855635462476,0.0049185175405204,0.0067367722341890165,-0.0046652734273036015,-0.08980703799545518,-0.004278661905057924,0.08514176456815158,0.0689500361584284
2018-05-10,0.00031994928753023956,-0.001333866874674572,-0.0057064282485662,0.0070567215217192565,-0.005999140301978173,-0.09551346624402138,0.004372561373891628,0.0895143259420432,0.07017868933562132
2018-05-11,0.0005000846806714625,-0.0007003329515624311,0.0012447241836344,0.007556806202390719,-0.006699473253540604,-0.09426874206038698,-0.0019450571351968312,0.08756926880684637,0.06841340566619716
2018-05-14,0.00020058762140525888,0.0014645799518498202,0.0060592332857271,0.007757393823795978,-0.005234893301690784,-0.08820950877465987,-0.00459465333387728,0.08297461547296908,0.07079943088691797
2018-05-15,0.00027272430512801206,-0.0004139757939009362,-0.007523021347275,0.00803011812892399,-0.00564886909559172,-0.09573253012193488,0.007109045553374064,0.09008366102634316,0.07109171501647897
2018-05-16,-0.00016957709790811463,-0.0004144755466215176,-0.0056989657046233,0.007860541031015876,-0.0060633446422132375,-0.10143149582655818,0.005284490158001783,0.09536815118434494,0.06997775661681885
2018-05-17,-0.00019571576369747123,0.0003649794579832512,0.0097826076381051,0.0076648252673184045,-0.005698365184229987,-0.09164888818845308,-0.009417628180121849,0.0859505230042231,0.06942402965109604
2018-05-18,0.0001263892949792589,0.0015695207566917722,0.0064221967688641,0.007791214562297664,-0.0041288444275382145,-0.08522669141958898,-0.004852676012172328,0.08109784699205076,0.0708045946783511
2018-05-21,0.0001770188049440703,0.0006730426669641138,-0.0008328302098194,0.007968233367241733,-0.0034558017605741008,-0.08605952162940839,0.001505872876783514,0.08260371986883429,0.06964562276422927
2018-05-22,7.453005033932408e-05,-0.0013100347757719548,-0.0143704976809314,0.008042763417581058,-0.004765836536346055,-0.10043001931033979,0.013060462905159444,0.09566418277399373,0.07042379935969333
2018-05-23,0.00011854056028354695,-0.0002749228479100668,-0.0058317319895846,0.008161303977864605,-0.005040759384256122,-0.10626175129992439,0.005556809141674533,0.10122099191566827,0.07103442067549988
2018-05-24,6.260788893569034e-05,-0.0011528549232886188,-0.0057395528443244,0.008223911866800295,-0.0061936143075447415,-0.11200130414424879,0.004586697921035781,0.10580768983670405,0.07213046699224436
2018-05-25,0.0004355517745905637,-0.000936556872196024,-0.0020755815497218,0.008659463641390858,-0.007130171179740765,-0.11407688569397059,0.0011390246775257761,0.10694671451422982,0.07203056355862039
2018-05-28,0.00030690640825980684,-0.0010864065218910797,-0.0083117622297824,0.008966370049650665,-0.008216577701631846,-0.122388647923753,0.00722535570789132,0.11417207022212114,0.07116554875808459
2018-05-29,0.00016131738098457062,-0.004657939998574062,-0.0276398840751627,0.009127687430635236,-0.012874517700205907,-0.1500285319989157,0.022981944076588635,0.1371540142987098,0.06957052261353552
2018-05-30,-0.0004730465665885306,0.0015360397764352725,0.017146280400359,0.008654640864046706,-0.011338477923770634,-0.13288225159855668,-0.015610240623923726,0.12154377367478605,0.06905444965765067
2018-05-31,0.000542589827635008,-0.0009932479336829793,-0.0090865086951841,0.009197230691681714,-0.012331725857453613,-0.14196876029374078,0.00809326076150112,0.12963703443628716,0.06756814960877978
2018-06-01,4.617881080436246e-05,-0.0004104904089254855,0.0040829120082346,0.009243409502486076,-0.012742216266379098,-0.13788584828550618,-0.004493402417160086,0.1251436320191271,0.06900452233034415
2018-06-04,0.00033097426300740025,0.0017161552932101133,0.0108976813042633,0.009574383765493476,-0.011026060973168985,-0.12698816698124288,-0.009181526011053187,0.1159621060080739,0.06860565658458144
2018-06-05,0.00019705019475615957,0.00017044607423604774,-0.0014117419297887,0.009771433960249636,-0.010855614898932938,-0.1283999089110316,0.0015821880040247478,0.11754429401209865,0.06755225395747737
2018-06-06,0.0002576562069883413,-0.0008471051600295181,-0.0030742407305585,0.010029090167237978,-0.011702720058962456,-0.1314741496415901,0.002227135570528982,0.11977142958262764,0.06975332515176223
2018-06-07,-0.0002834770674832211,-0.0015860582968643907,-0.0132165682494332,0.009745613099754757,-0.013288778355826847,-0.1446907178910233,0.01163050995256881,0.13140193953519647,0.06842129120583582
2018-06-08,3.8818191275864105e-06,-0.0006048664804465143,-0.004823459551987,0.009749494918882343,-0.013893644836273361,-0.14951417744301032,0.004218593071540486,0.13562053260673695,0.06977529462122174
2018-06-11,-5.8572094671761215e-05,0.0008406547787114654,0.0094067557932051,0.009690922824210581,-0.013052990057561897,-0.14010742164980522,-0.008566101014493635,0.12705443159224333,0.06863355170712711
2018-06-12,-0.00018552551628991295,-0.0023494651456643944,-0.0126882143012329,0.009505397307920669,-0.01540245520322629,-0.15279563595103812,0.010338749155568506,0.13739318074781184,0.07102273519488565
2018-06-13,-6.782362465371695e-05,-0.0006353377209176715,-0.0030637149883331,0.009437573683266951,-0.01603779292414396,-0.15585935093937123,0.0024283772674154286,0.13982155801522728,0.06770031247117013
2018-06-14,-9.620931091519597e-05,-0.003082145671986752,-0.0097845011086874,0.009341364372351755,-0.019119938596130714,-0.16564385204805862,0.006702355436700648,0.14652391345192792,0.0678719672679375
2018-06-15,0.0004886546342832193,-0.00845225047716048,-0.047269493248359,0.009830019006634974,-0.027572189073291193,-0.21291334529641762,0.038817242771198524,0.1853411562231264,0.06711612496058704
2018-06-19,-9.066593147803903e-05,0.0011404190611508105,0.0047273978243444,0.009739353075156935,-0.026431770012140383,-0.20818594747207322,-0.00358697876319359,0.18175417745993283,0.0678177575395669
2018-06-20,0.00028203143764052264,-0.003242159990564809,-0.0166324420257565,0.010021384512797459,-0.02967393000270519,-0.22481838949782973,0.01339028203519169,0.19514445949512454,0.0705847689246902
2018-06-21,-8.816925741082055e-06,0.0017318538622724641,0.0072346094342784,0.010012567587056376,-0.027942076140432728,-0.21758378006355134,-0.0055027555720059355,0.1896417039231186,0.06945555758894119
2018-06-22,-1.635989118667549e-05,-0.0004649614608137564,-0.0107874856492637,0.0099962076958697,-0.028407037601246483,-0.22837126571281505,0.010322524188449943,0.19996422811156855,0.06992720682829143
2018-06-25,-0.0003008015208246566,0.0010090179500864501,-0.003486533048107,0.009695406175045045,-0.02739801965116003,-0.23185779876092205,0.004495550998193451,0.204459779109762,0.0708963157672305
2018-06-26,-0.00020565747138367617,-0.0008486502935867754,-0.0137366174005636,0.009489748703661368,-0.028246669944746807,-0.24559441616148564,0.012887967106976823,0.21734774621673883,0.0706223702551499
2018-06-27,0.00014359785576906697,-0.0013404833979448322,-0.0106172006993063,0.009633346559430435,-0.02958715334269164,-0.25621161686079197,0.009276717301361469,0.22662446351810034,0.07031098128342887
2018-06-28,-0.0003653419388291126,0.0035675176634951625,0.0258175951063966,0.009268004620601322,-0.026019635679196476,-0.23039402175439538,-0.022250077442901438,0.20437438607519892,0.06916609252119763
2018-06-29,0.0006953730372444751,-0.0014819332902446924,-0.0250449707938517,0.009963377657845798,-0.02750156896944117,-0.2554389925482471,0.023563037503607005,0.22793742357880592,0.0682882249486961
2018-07-02,-0.0009067267853276683,0.0014355461858007342,0.0050509721706241,0.00905665087251813,-0.026066022783640435,-0.250388020377623,-0.0036154259848233655,0.22432199759398255,0.06802611500776083
2018-07-03,3.661333731438472e-05,-0.0024534084220172027,-0.0126373816525786,0.009093264209832514,-0.028519431205657638,-0.2630254020302016,0.010183973230561397,0.23450597082454394,0.07138356389866062
2018-07-04,0.000485756587390183,-0.003315557527066574,-0.0141230047693853,0.009579020797222698,-0.03183498873272421,-0.27714840679958685,0.010807447242318725,0.24531341806686263,0.06939206160585078
2018-07-05,-1.661207791000162e-05,0.0004872094154103135,0.0043769599469001,0.009562408719312696,-0.0313477793173139,-0.2727714468526867,-0.003889750531489786,0.24142366753537284,0.07547537529623814
2018-07-06,0.00037681587209001486,0.002748779965235648,0.0275364805791961,0.009939224591402712,-0.02859899935207825,-0.24523496627349062,-0.02478770061396045,0.21663596692141238,0.07178620729526372
2018-07-09,0.00015133603850570222,0.0010557809282976229,0.0047801559177776,0.010090560629908414,-0.027543218423780626,-0.240454810355713,-0.003724374989479977,0.21291159193193238,0.07238796556760071
2018-07-10,7.419730200301901e-05,-0.003030019032717017,-0.0192443434376853,0.010164757931911433,-0.030573237456497645,-0.2596991537933983,0.01621432440496828,0.22912591633690066,0.0731793854335052
2018-07-11,-0.0002097017324284871,0.0030769822263845468,0.0243175116665149,0.009955056199482946,-0.0274962552301131,-0.2353816421268834,-0.021240529440130353,0.2078853868967703,0.07158522826621196
2018-07-12,0.00018728111976488204,0.0003578286863782389,0.0025855119268476,0.010142337319247827,-0.02713842654373486,-0.23279613020003578,-0.002227683240469361,0.20565770365630093,0.07503417980992182
2018-07-13,0.00010255565851957269,-3.355224509423546e-05,-0.0055640869728733,0.0102448929777674,-0.027171978788829095,-0.2383602171729091,0.005530534727779065,0.21118823838408,0.07231859140770157
2018-07-16,8.497604116244973e-05,0.0002650015943261872,-0.0046158967855024,0.01032986901892985,-0.02690697719450291,-0.24297611395841148,0.004880898379828587,0.21606913676390857,0.07210741009198532
2018-07-17,6.234554593773398e-06,-0.0006335382818734593,-0.0046815121824121,0.010336103573523622,-0.027540515476376367,-0.2476576261408236,0.004047973900538641,0.22011711066444722,0.07132279735500605
2018-07-18,-1.4993769638225078e-05,-0.0015736958539190886,-0.0061786075943475,0.010321109803885398,-0.029114211330295455,-0.2538362337351711,0.004604911740428411,0.22472202240487565,0.07009906368076264
2018-07-19,0.00019756852088230635,0.0015021991918352348,0.0195238217123159,0.010518678324767704,-0.02761201213846022,-0.23431241202285522,-0.018021622520480667,0.20670039988439498,0.07315868736089483
2018-07-20,5.446935994006653e-06,0.000732727346378146,0.0097762877272114,0.010524125260761711,-0.026879284792082073,-0.22453612429564382,-0.009043560380833255,0.19765683950356175,0.07154756078122287
2018-07-23,0.00024151199734658477,0.002118390917439374,0.014999904270854,0.010765637258108297,-0.024760893874642698,-0.20953622002478983,-0.012881513353414626,0.18477532615014713,0.06815018045941983
2018-07-24,0.00018910429909750593,0.0002825651322371312,-0.0002460364219283,0.010954741557205803,-0.024478328742405568,-0.20978225644671813,0.0005286015541654313,0.18530392770431256,0.07225216510985559
2018-07-25,-8.765254905063724e-05,-0.00018878171810388385,-0.0082155072627219,0.010867089008155166,-0.024667110460509453,-0.21799776370944005,0.008026725544618016,0.1933306532489306,0.06870930586313682
2018-07-26,-0.00017067395031411016,-0.0007942821938759875,-0.0044173482770574,0.010696415057841056,-0.02546139265438544,-0.22241511198649744,0.0036230660831814126,0.196953719332112,0.06919543696252801
2018-07-27,0.00015838420866575006,-0.001764145575409147,-0.0052642453584715,0.010854799266506806,-0.027225538229794587,-0.22767935734496894,0.003500099783062353,0.20045381911517435,0.07067712781182238
2018-07-30,0.0001853260277956669,0.00018727504668965517,0.002072620487642,0.011040125294302473,-0.02703826318310493,-0.22560673685732693,-0.0018853454409523448,0.198568473674222,0.07171794889266117
2018-07-31,-2.2540936251042664e-05,-0.001879453658652869,-0.0191464010194507,0.01101758435805143,-0.0289177168417578,-0.24475313787677763,0.01726694736079783,0.21583542103501985,0.06971331331572646
2018-08-01,-0.0003667080225080931,-0.003307119330284687,-0.0225189443294556,0.010650876335543336,-0.032224836172042484,-0.2672720822062332,0.019211824999170915,0.23504724603419075,0.06913936880293758
2018-08-02,6.886158488717835e-05,-0.0013699818906663464,-0.0116559179276908,0.010719737920430515,-0.03359481806270883,-0.278928000133924,0.010285936037024452,0.24533318207121516,0.07131729912016319
2018-08-03,0.0002844588971484663,-0.0023759941674363332,-0.0150924300381416,0.011004196817578981,-0.035970812230145165,-0.2940204301720656,0.012716435870705266,0.25804961794192044,0.06891868696703526
2018-08-06,5.293556056281646e-05,0.0030428755503844763,0.027485125489262,0.011057132378141798,-0.03292793667976069,-0.26653530468280356,-0.024442249938877524,0.23360736800304288,0.06970609911427637
2018-08-07,-0.0002489995360164382,-0.0020515863096650963,-0.0149594132541787,0.01080813284212536,-0.03497952298942578,-0.2814947179369823,0.012907826944513603,0.2465151949475565,0.07014208347833549
2018-08-08,-8.525514049902418e-05,0.002519808951747902,0.020964711400721,0.010722877701626336,-0.03245971403767788,-0.2605300065362613,-0.018444902448973097,0.2280702924985834,0.07000563124164458
2018-08-09,0.0004752072441578961,0.000901584587813913,0.0013299140260933,0.011198084945784231,-0.03155812944986397,-0.259200092510168,-0.00042832943827938704,0.22764196306030404,0.07228784219385713
2018-08-10,0.000285696862653706,0.00034412954263841357,-0.0026096722438327,0.011483781808437937,-0.031213999907225558,-0.2618097647540007,0.0029538017864711138,0.23059576484677513,0.06680812320765157
2018-08-13,-0.00015691582659773298,-0.00014221227736792576,-0.0025985502808299,0.011326865981840203,-0.03135621218459348,-0.2644083150348306,0.0024563380034619744,0.23305210285023711,0.06982117530970769
2018-08-14,7.505499626001408e-05,-0.0024845321796367267,-0.0217258144287563,0.011401920978100217,-0.03384074436423021,-0.2861341294635869,0.019241282249119574,0.2522933850993567,0.06995974146403418
2018-08-15,-0.00013539842365638786,-0.0014185823248175316,-0.0077698113767463,0.011266522554443829,-0.035259326689047736,-0.2939039408403332,0.0063512290519287685,0.2586446141512855,0.07048448752043411
2018-08-16,0.0002085150625524168,-0.002281977531975713,-0.0145641666673725,0.011475037616996246,-0.03754130422102345,-0.3084681075077057,0.012282189135396786,0.2709268032866823,0.06840701214861826
2018-08-17,0.00010183839312796406,0.000636294233348876,0.0101384972602765,0.01157687601012421,-0.03690500998767457,-0.2983296102474292,-0.009502203026927624,0.26142460025975467,0.06841163358655968
2018-08-20,0.0003678598053599839,0.0014639547723886964,0.0134385649461657,0.011944735815484194,-0.03544105521528587,-0.2848910453012635,-0.011974610173777003,0.24944999008597765,0.07106533711206285
2018-08-21,0.00026741280557247816,-0.0014099637964542172,-0.0083166601038789,0.012212148621056672,-0.03685101901174009,-0.2932077054051424,0.006906696307424683,0.2563566863934023,0.06838828125864681
2018-08-22,-0.00017389858011953267,0.0006419350920414817,0.0039447573119619,0.01203825004093714,-0.036209083919698605,-0.2892629480931805,-0.003302822219920418,0.25305386417348186,0.06759281023339704
2018-08-23,0.00016830300428087832,-0.00030323705782553514,0.0012885846462994,0.012206553045218017,-0.03651232097752414,-0.2879743634468811,-0.0015918217041249352,0.25146204246935694,0.0672765921344783
2018-08-24,-9.157541789427421e-05,0.002446076812080167,0.0208845063185246,0.012114977627323742,-0.034066244165443973,-0.2670898571283565,-0.018438429506444434,0.23302361296291252,0.0707787744014458
2018-08-27,0.00016454674486528976,0.00020113577307694007,-0.0005258863921574,0.012279524372189031,-0.03386510839236703,-0.26761574352051387,0.0007270221652343401,0.23375063512814684,0.07037807209724162
2018-08-28,0.00021176659424780123,-0.0006893807725091781,-0.0041876996162977,0.012491290966436832,-0.03455448916487621,-0.2718034431368116,0.003498318843788522,0.23724895397193538,0.07238041146516404
2018-08-29,0.00048184508693193437,-0.0018078128576179127,-0.0124475913143909,0.012973136053368766,-0.036362302022494124,-0.2842510344512025,0.010639778456772987,0.24788873242870835,0.07096427072965406
2018-08-30,0.00015333721024555114,-0.0012921076144649774,-0.0061733569970488,0.013126473263614317,-0.0376544096369591,-0.2904243914482513,0.004881249382583823,0.2527699818112922,0.0701486395517954
2018-08-31,1.3866350377528171e-05,-0.00022065541276015615,-0.0014558534787456,0.013140339613991846,-0.03787506504971926,-0.2918802449269969,0.001235198065985444,0.2540051798772776,0.06902988557817255
2018-09-03,5.287741037192651e-06,0.0014587986107111226,0.0111305523235148,0.01314562735502904,-0.03641626643900814,-0.2807496926034821,-0.009671753712803677,0.24433342616447395,0.07118286144133266
2018-09-04,0.00011228716413921825,-0.001538659973957941,-0.0179032263431785,0.013257914519168258,-0.03795492641296608,-0.2986529189466606,0.01636456636922056,0.2606979925336945,0.07018254573344666
2018-09-05,-4.108545653967198e-05,-0.0004935322923728729,-0.0064712835623056,0.013216829062628586,-0.03844845870533895,-0.30512420250896616,0.005977751269932727,0.2666757438036272,0.06397655739606561
2018-09-06,-9.877359312820589e-05,0.0003848558392556521,0.0030953313439373,0.01311805546950038,-0.0380636028660833,-0.30202887116502886,-0.0027104755046816476,0.26396526829894557,0.06846343308029361
2018-09-07,-3.009531033359483e-05,-0.0022933254723806356,-0.0151045523895311,0.013087960159166785,-0.04035692833846393,-0.31713342355456,0.012811226917150465,0.27677649521609604,0.06951931269508049
2018-09-10,-0.00019208863926927972,0.00016026010788247906,-0.0011152447085998,0.012895871519897505,-0.040196668230581455,-0.3182486682631598,0.0012755048164822791,0.27805200003257835,0.06976196142650978
2018-09-11,-4.538431083612564e-05,4.8956212070744554e-05,-0.0039326569593489,0.01285048720906138,-0.04014771201851071,-0.3221813252225087,0.003981613171419645,0.282033613203998,0.06955922604713823
2018-09-12,-0.00022575178591225696,0.0008551045105894884,0.0109540507204117,0.012624735423149123,-0.03929260750792122,-0.311227274502097,-0.010098946209822213,0.27193466699417573,0.07181210070996033
2018-09-13,-1.4890031024337599e-05,-0.0011390064779618371,-0.0032907710331277,0.012609845392124786,-0.040431613985883054,-0.31451804553522467,0.0021517645551658625,0.2740864315493416,0.07225916038880813
2018-09-14,-3.008868177022732e-05,-0.0020068478074477306,-0.0122082067303949,0.012579756710354557,-0.04243846179333079,-0.3267262522656196,0.010201358922947169,0.2842877904722888,0.06898828619903337
2018-09-17,-0.0002671387638585224,0.0018765625548720238,0.0175268507093053,0.012312617946496036,-0.040561899238458765,-0.30919940155631426,-0.015650288154433274,0.2686375023178555,0.06771154632547126
2018-09-18,-1.4603264401300979e-05,0.0012513377464650668,0.0127365470076944,0.012298014682094734,-0.0393105614919937,-0.29646285454861987,-0.011485209261229333,0.2571522930566262,0.07009860524116669
2018-09-19,-5.1037500572645434e-05,-0.0003417909446384456,-0.0006374068975386,0.012246977181522088,-0.03965235243663214,-0.2971002614461585,0.00029561595290015434,0.25744790900952635,0.06640377287199296
2018-09-20,0.0001654378447833342,0.0014369583674779306,0.0245589605831236,0.012412415026305423,-0.03821539406915421,-0.27254130086303485,-0.023122002215645667,0.23432590679388066,0.07086726799606097
2018-09-21,0.0003105816241177628,-0.0002484114109752967,-0.0064260303582367,0.012722996650423186,-0.03846380548012951,-0.27896733122127154,0.006177618947261403,0.24050352574114203,0.0694155569252788
2018-09-25,0.00015849116356662528,0.0005131067708067416,0.0084527516720078,0.012881487813989812,-0.037950698709322765,-0.2705145795492637,-0.007939644901201057,0.23256388083994095,0.06979740212415954
2018-09-26,0.0001742757086736082,-0.0019545243017655184,-0.007797799795558,0.01305576352266342,-0.03990522301108829,-0.2783123793448217,0.005843275493792481,0.23840715633373344,0.0726592181281565
2018-09-27,6.113875623162963e-05,0.001002643603391603,0.0103789909259298,0.01311690227889505,-0.03890257940769668,-0.2679333884188919,-0.009376347322538196,0.22903080901119524,0.07027359986156563
2018-09-28,-0.00012477128616920728,-0.004012057182904317,-0.0402635020149368,0.012992130992725842,-0.042914636590601,-0.3081968904338287,0.036251444832032485,0.2652822538432277,0.0695816639095969
2018-10-08,-0.0004073563284548715,7.661945713322273e-05,0.0005813572711932,0.01258477466427097,-0.04283801713346778,-0.3076155331626355,-0.0005047378140599772,0.2647775160291677,0.07106985753389554
2018-10-09,-8.306880299470764e-05,0.0002701749652106648,0.0007202761829417,0.012501705861276262,-0.04256784216825711,-0.30689525697969383,-0.00045010121773103525,0.26432741481143673,0.06967149146941391
2018-10-10,-0.00010010286792227975,-0.009372657114363752,-0.0580020133998208,0.012401602993353982,-0.051940499282620865,-0.36489727037951464,0.048629356285457045,0.3129567710968938,0.07021944640929428
2018-10-11,0.00014102668303996396,-0.0009661768017889237,0.0088727069998085,0.012542629676393946,-0.05290667608440979,-0.3560245633797061,-0.009838883801597424,0.3031178872952963,0.06890105444425387
2018-10-12,-0.00020499057645293934,-0.0017514876407467932,-0.0150429852616485,0.012337639099941006,-0.05465816372515658,-0.3710675486413546,0.013291497620901706,0.316409384916198,0.06942661204175002
2018-10-15,8.663070318813447e-05,-0.002381238769009779,-0.0111352883697839,0.012424269803129141,-0.057039402494166364,-0.3822028370111385,0.008754049600774121,0.32516343451697216,0.071644488535217
2018-10-16,0.00026953254722224224,0.0012338429461729184,0.0062489628825497,0.012693802350351384,-0.05580555954799345,-0.37595387412858877,-0.005015119936376782,0.32014831458059534,0.07205344508085866
2018-10-17,0.00027611615813677844,-0.003738327433195007,-0.0291553152948319,0.012969918508488162,-0.059543886981188454,-0.40510918942342067,0.025416987861636892,0.3455653024422322,0.07194161052210382
2018-10-18,7.373334267263818e-05,0.00248473721261805,0.026621292850232,0.0130436518511608,-0.057059149768570405,-0.37848789657318865,-0.02413655563761395,0.32142874680461825,0.06993616585231806
2018-10-19,0.00023885223965412595,0.005614896727081431,0.042468315550808,0.013282504090814926,-0.051444253041488974,-0.33601958102238066,-0.03685341882372657,0.2845753279808917,0.06934252193526406
2018-10-22,-1.5756622206455127e-05,-0.001562423867695352,-0.0233586483298512,0.01326674746860847,-0.05300667690918433,-0.35937822935223185,0.021796224462155848,0.30637155244304753,0.0672614142100471
2018-10-23,-0.0001650685125485275,-4.8017278937473215e-06,0.0024681262359944,0.013101678956059943,-0.05301147863707807,-0.35691010311623744,-0.0024729279638881474,0.3038986244791594,0.07013900922824848
2018-10-24,-0.00020793145229628318,-0.0009553503436468401,-0.0003548533999754,0.01289374750376366,-0.05396682898072491,-0.3572649565162128,-0.0006004969436714401,0.3032981275354879,0.06547065453871005
2018-10-25,-0.000229563742363277,0.00035852615489306806,-0.0014012772940005,0.012664183761400383,-0.053608302825831844,-0.35866623381021334,0.001759803448893568,0.3050579309843815,0.07093517950351365
2018-10-26,-0.0003446447807202381,-0.002022310533686351,-0.0227910732575062,0.012319538980680144,-0.055630613359518195,-0.3814573070677195,0.020768762723819847,0.32582669370820133,0.07090632046262291
2018-10-29,-0.00010778223451505857,0.0014740683511360862,0.009305877324722,0.012211756746165085,-0.05415654500838211,-0.37215142974299753,-0.007831808973585914,0.3179948847346154,0.07066464709831849
2018-10-30,0.00031790655622589885,0.0021702849747332726,0.0127389063892605,0.012529663302390984,-0.05198626003364883,-0.359412523353737,-0.010568621414527227,0.3074262633200882,0.07099061655211011
2018-10-31,0.0002919623394842028,0.0008084137901510301,0.0039059292273618,0.012821625641875186,-0.051177846243497804,-0.3555065941263752,-0.0030975154372107697,0.3043287478828774,0.07111718741900541
2018-11-01,0.00029158580420881854,0.0035014769082563676,0.0283474321165822,0.013113211446084004,-0.047676369335241435,-0.327159162009793,-0.02484595520832583,0.27948279267455156,0.06952946512261483
2018-11-02,-0.0004787171010266741,0.0008178473720661747,-0.00370310633975,0.01263449434505733,-0.04685852196317526,-0.330862268349543,0.004520953711816175,0.2840037463863678,0.0694511709305849
2018-11-05,-0.00039594880930669975,-0.0004171729836542997,-0.003134962071231,0.01223854553575063,-0.04727569494682956,-0.333997230420774,0.0027177890875767,0.28672153547394447,0.0688670970480033
2018-11-06,4.68267105327961e-05,-0.00025992281403620026,-0.0057320671571691,0.012285372246283425,-0.04753561776086576,-0.3397292975779431,0.0054721443431329,0.29219367981707733,0.06640836300628204
2018-11-07,-8.102112044332775e-06,-0.00013160681473018605,-0.0027204304621853,0.012277270134239092,-0.04766722457559595,-0.3424497280401284,0.002588823647455114,0.29478250346453244,0.07219194735854073
2018-11-08,-0.0002201069899241664,-0.00036049515355646015,-0.0126927750171558,0.012057163144314926,-0.04802771972915241,-0.35514250305728423,0.01233227986359934,0.3071147833281318,0.070228757052036
2018-11-09,-0.0006548713924937469,0.00346957633999093,0.0153501215589054,0.011402291751821178,-0.044558143389161475,-0.3397923814983788,-0.011880545218914471,0.29523423810921734,0.0691588573998135
2018-11-12,-0.0006204520219335056,0.002314595590855604,0.0109923632444849,0.010781839729887673,-0.04224354779830587,-0.32880001825389393,-0.008677767653629296,0.2865564704555881,0.0704178619998282
2018-11-13,-9.048272215561851e-05,-0.00015070993150916072,-0.0077770638743492,0.010691357007732055,-0.04239425772981503,-0.3365770821282431,0.007626353942840039,0.2941828243984281,0.06894368108774256
2018-11-14,-6.496689190386499e-05,0.0024274068986505095,0.0136395285829369,0.01062639011582819,-0.039966850831164524,-0.32293755354530623,-0.01121212168428639,0.2829707027141417,0.06900961123044803
2018-11-15,-0.0004517404488585557,0.0009550931880752234,0.0054036128930333,0.010174649666969635,-0.0390117576430893,-0.3175339406522729,-0.004448519704958077,0.27852218300918363,0.07289883236093657
2018-11-16,-0.00014658572684897778,0.0003935674917582553,0.0079012084948854,0.010028063940120657,-0.03861819015133104,-0.3096327321573875,-0.007507641003127144,0.27101454200605646,0.07007433869108201
2018-11-19,0.000477588145769898,-0.0031130870604485954,-0.0231548809849948,0.010505652085890554,-0.04173127721177964,-0.3327876131423823,0.020041793924546206,0.29105633593060265,0.07108822249606361
2018-11-20,-0.0003844872817470219,0.0007676993813037642,0.0028192200049957,0.010121164804143531,-0.04096357783047588,-0.32996839313738663,-0.0020515206236919356,0.28900481530691075,0.0707442180488098
2018-11-21,0.00025893724477004456,0.00024204678248304062,-0.0018932905205505,0.010380102048913577,-0.04072153104799284,-0.3318616836579371,0.0021353373030335407,0.2911401526099443,0.06489373826665074
2018-11-22,0.0002878383541086322,-0.005257523859476536,-0.0280824539507931,0.010667940403022208,-0.045979054907469376,-0.35994413760873023,0.022824930091316566,0.31396508270126083,0.0727298605899567
2018-11-23,-0.00012339310623073373,-0.00031520561036083044,-0.001543420486384,0.010544547296791475,-0.046294260517830206,-0.36148755809511424,0.0012282148760231694,0.31519329757728404,0.07154427784272825
2018-11-26,1.7253673628712194e-05,0.0009075066122637054,0.0008345788268434,0.010561800970420187,-0.0453867539055665,-0.36065297926827083,7.292778542030537e-05,0.3152662253627043,0.07078303307877229
2018-11-27,0.00048192032724488716,0.00137264771661833,0.0109955202231489,0.011043721297665074,-0.04401410618894817,-0.3496574590451219,-0.00962287250653057,0.3056433528561737,0.07234795183056798
2018-11-28,0.00019758266729111914,-0.002712576115508435,-0.0155315057162431,0.011241303964956194,-0.046726682304456604,-0.36518896476136503,0.012818929600734667,0.31846228245690844,0.07185895251190023
2018-11-29,-7.667144508187137e-05,0.0006770256212969442,0.0080501697816002,0.011164632519874323,-0.04604965668315966,-0.3571387949797648,-0.007373144160303257,0.3110891382966051,0.06841814603367725
2018-11-30,0.00013679428974990954,0.003610875626521407,0.0269509327204435,0.011301426809624232,-0.04243878105663826,-0.3301878622593213,-0.023340057093922093,0.28774908120268305,0.06871896665841477
2018-12-03,0.00013423220135755685,0.001009410640465581,0.003812566275892,0.01143565901098179,-0.04142937041617268,-0.3263752959834293,-0.002803155635426419,0.2849459255672566,0.06826311640977127
2018-12-04,-0.00026671719136853796,-0.0011390951756326015,-0.0056868982421553,0.01116894181961325,-0.04256846559180528,-0.3320621942255846,0.004547803066522698,0.2894937286337793,0.07217305988899095
2018-12-05,-5.5370225968847854e-05,-0.0022261557774382527,-0.0188913875798141,0.011113571593644402,-0.04479462136924353,-0.3509535818053987,0.016665231802375845,0.3061589604361552,0.07037760772855901
2018-12-06,-0.00020387781056357653,3.063326913477816e-05,0.0001491452519181,0.010909693783080826,-0.04476398810010875,-0.3508044365534806,-0.00011851198278332185,0.30604044845337186,0.07004852835774106
2018-12-07,8.808945629939706e-05,-0.001499644689505176,-0.0101285521464814,0.010997783239380223,-0.04626363278961393,-0.360932988699962,0.008628907456976224,0.31466935591034806,0.06778262650884512
2018-12-10,-8.477715522835773e-05,0.0010070399317280865,0.0049654489685917,0.010913006084151865,-0.045256592857885844,-0.3559675397313703,-0.003958409036863613,0.31071094687348444,0.06964678152629948
2018-12-11,4.764751334509709e-05,0.00011397506906870058,0.0027059892160177,0.010960653597496962,-0.045142617788817146,-0.3532615505153526,-0.0025920141469489995,0.30811893272653545,0.07157654989378444
2018-12-12,0.0002900689786423343,0.0011769049364187046,0.0117015542199434,0.011250722576139297,-0.04396571285239844,-0.3415599962954092,-0.010524649283524696,0.29759428344301075,0.06965037555217335
2018-12-13,0.0002855618590408137,-0.0029334114491261928,-0.0182765820040464,0.011536284435180112,-0.04689912430152463,-0.3598365782994556,0.015343170554920208,0.31293745399793094,0.07088041622367774
2018-12-14,-0.0006024099444869221,-0.00019628943331617435,-0.0004058690959196,0.010933874490693189,-0.04709541373484081,-0.3602424473953752,0.00020957966260342565,0.31314703366053437,0.06742212464213561
2018-12-17,0.00018818667424994222,-0.0006924914950026474,-0.008459700141384,0.011122061164943131,-0.047787905229843455,-0.3687021475367592,0.007767208646381353,0.32091424230691573,0.0689795834074522
2018-12-18,6.040277571433092e-07,-0.0015042869738575407,-0.0114361352025488,0.011122665192700274,-0.049292192203701,-0.380138282739308,0.00993184822869126,0.330846090535607,0.07066269844060435
2018-12-19,-0.0002273450088353071,0.00039430244000293276,-0.0040319698665915,0.010895320183864967,-0.04889788976369806,-0.3841702526058995,0.004426272306594432,0.3352723628422014,0.06658432397815316
2018-12-20,1.6432959564973203e-05,-0.000970125388225847,-0.0089866229206708,0.01091175314342994,-0.04986801515192391,-0.3931568755265703,0.008016497532444952,0.3432888603746464,0.07047663952498948
2018-12-21,4.211425451007175e-05,0.001064481881494201,0.0052826346676367,0.010953867397940012,-0.04880353327042971,-0.3878742408589336,-0.004218152786142499,0.33907070758850394,0.0702199011168974
2018-12-24,0.00020052162129394367,-0.0012547722120338821,-0.0081914009794857,0.011154389019233955,-0.050058305482463594,-0.3960656418384193,0.0069366287674518185,0.3460073363559557,0.06979372442437257
2018-12-25,4.758038002560335e-06,-0.00019213357616179968,-0.0031853605745479,0.011159147057236515,-0.0502504390586254,-0.3992510024129672,0.0029932269983861002,0.34900056335434176,0.07062331533708374
2018-12-26,0.0005549450607521196,-0.0015701474333454253,-0.0078737363569923,0.011714092117988635,-0.05182058649197082,-0.40712473876995947,0.006303588923646874,0.35530415227798867,0.07214872213072904
2018-12-27,0.00024031297612369575,0.00014141568815463626,0.0039871385502771,0.01195440509411233,-0.051679170803816184,-0.40313760021968237,-0.003845722862122464,0.3514584294158662,0.0720845917938765
2018-12-28,-0.00019427081187916017,-0.00045919423110739674,-0.0117821535864534,0.01176013428223317,-0.052138365034923584,-0.41491975380613577,0.011322959355346003,0.3627813887712122,0.06938024635057036
2019-01-02,3.084724381113862e-05,-0.0006496326969043501,-0.0028565278061003,0.011790981526044308,-0.052787997731827935,-0.41777628161223607,0.00220689510919595,0.36498828388040816,0.06942878143357684
2019-01-03,-2.896331474075974e-05,0.002861243265305707,0.0219374339050034,0.011762018211303548,-0.04992675446652223,-0.39583884770723266,-0.019076190639697694,0.3459120932407104,0.06960422860362439
2019-01-04,-0.00015142902124871315,0.002282710683975206,0.0096227727770837,0.011610589190054836,-0.047644043782547024,-0.386216074930149,-0.007340062093108493,0.3385720311476019,0.0687920241260412
2019-01-07,0.00016454886015620314,-8.869487271853198e-05,-0.0021642500604554,0.01177513805021104,-0.047732738655265554,-0.3883803249906044,0.0020755551877368683,0.3406475863353388,0.06963896011932809
2019-01-08,0.0002472015374410937,0.0005090486679190989,0.0065767205552051,0.012022339587652133,-0.047223689987346454,-0.3818036044353993,-0.006067671887286001,0.33457991444805285,0.07192681939704312
2019-01-09,0.00019151343395437337,-0.00012636028139423452,-0.0039217852003664,0.012213853021606507,-0.04735005026874069,-0.3857253896357657,0.0037954249189721657,0.338375339367025,0.07066250628591192
2019-01-10,-0.00031914247767457325,0.0008591981263608442,0.006835418054229,0.011894710543931934,-0.04649085214237984,-0.3788899715815367,-0.005976219927868156,0.33239911943915684,0.0697457650024306
2019-01-11,-1.1900334519781743e-05,-0.000781983845412243,-0.0073505336146019,0.011882810209412151,-0.04727283598779208,-0.3862405051961386,0.006568549769189657,0.33896766920834653,0.07133700850667775
2019-01-14,-0.00013210091807211864,0.0012192211557706333,0.0138541509027997,0.011750709291340034,-0.04605361483202145,-0.37238635429333894,-0.012634929747029067,0.32633273946131747,0.0700954286004904
2019-01-15,0.000362943034078997,-7.72921431783406e-05,-0.0002564405276381,0.012113652325419031,-0.046130906975199795,-0.37264279482097706,0.00017914838445975942,0.3265118878457773,0.07027651991755064
2019-01-16,0.00021949726892109622,-0.0012445083804683659,-0.0056183320106499,0.012333149594340127,-0.04737541535566816,-0.37826112683162694,0.004373823630181534,0.3308857114759588,0.07170388919607909
2019-01-17,0.00021745595866433753,0.0007401527891645948,0.013238311322704,0.012550605553004465,-0.04663526256650356,-0.36502281550892296,-0.012498158533539406,0.3183875529424194,0.06973843918427898
2019-01-18,0.00013372880863081628,0.0007621336565797685,0.0058912100137822,0.012684334361635281,-0.045873128909923795,-0.3591316054951408,-0.0051290763572024315,0.313258476585217,0.06759191556521044
2019-01-21,0.00044904733863993093,-0.0010135526082830117,-0.0121968115288609,0.013133381700275212,-0.04688668151820681,-0.37132841702400166,0.011183258920577888,0.32444173550579486,0.07201206785404109
2019-01-22,-0.0003098487093676776,5.516825289710257e-05,0.0008981509623474,0.012823532990907535,-0.04683151326530971,-0.37043026606165425,-0.0008429827094502975,0.32359875279634454,0.07008557913094605
2019-01-23,6.663407491283176e-05,0.00042810952755903674,0.0043607279317799,0.012890167065820368,-0.046403403737750676,-0.36606953812987436,-0.003932618404220863,0.31966613439212366,0.06929331622014609
2019-01-24,1.6283914393701524e-05,-0.0009375267695535451,0.0029098062420202,0.01290645098021407,-0.04734093050730422,-0.36315973188785416,-0.003847333011573745,0.31581880138054996,0.0703676101772213
2019-01-25,0.0003917464251487317,-0.0008842935914138663,-0.0024621611733707,0.013298197405362802,-0.048225224098718086,-0.3656218930612249,0.001577867581956834,0.3173966689625068,0.0704014327100484
2019-01-28,-6.973413691802826e-05,-0.0025503581717159335,-0.0040050374112362,0.013228463268444773,-0.05077558227043402,-0.3696269304724611,0.0014546792395202664,0.3188513482020271,0.07011068096789048
2019-01-29,0.00021625318210896597,-0.0018311611895866704,-0.0088748105896917,0.013444716450553739,-0.05260674346002069,-0.3785017410621528,0.00704364940010503,0.3258949976021321,0.06937222093001354
2019-01-30,1.7271035065780155e-05,-0.0021647662655540022,0.0017627153310517,0.013461987485619518,-0.054771509725574694,-0.3767390257311011,-0.003927481596605702,0.32196751600552637,0.07079707577725065
2019-01-31,5.4815686489742245e-05,0.0029282014120834577,0.0164454144130792,0.01351680317210926,-0.05184330831349124,-0.36029361131802184,-0.013517213000995744,0.3084503030045306,0.06759104279826522
2019-02-01,1.3956213676389935e-05,0.002847581958134969,0.017391987787944,0.01353075938578565,-0.04899572635535627,-0.34290162353007786,-0.01454440582980903,0.2939058971747216,0.07031284671150659
2019-02-11,8.228987848711467e-05,0.001621190383598582,0.0079233849464341,0.013613049264272764,-0.047374535971757684,-0.3349782385836438,-0.006302194562835518,0.2876037026118861,0.06488809284196918
2019-02-12,-3.3097770404592936e-05,0.0019314537191554597,0.0178161629632656,0.01357995149386817,-0.04544308225260223,-0.3171620756203782,-0.01588470924411014,0.27171899336777594,0.06731871558510741
2019-02-13,-0.000186366620722898,0.0005078689197311333,0.0012294734039953,0.013393584873145271,-0.04493521333287109,-0.31593260221638286,-0.0007216044842641666,0.27099738888351177,0.06970982950286925
2019-02-14,-0.0003150704717514943,-0.00031515750909830794,-0.0127143461934541,0.013078514401393777,-0.0452503708419694,-0.32864694840983694,0.012399188684355791,0.2833965775678675,0.07079526790800567
2019-02-15,-0.0003316108995816682,0.004021219606836123,0.0296285103225211,0.01274690350181211,-0.04122915123513328,-0.2990184380873158,-0.025607290715684978,0.25778928685218255,0.06798841349029294
2019-02-18,-0.0004969200987944103,0.00026325084002108934,0.0003060783742927,0.0122499834030177,-0.04096590039511219,-0.2987123597130231,-4.282753427161068e-05,0.25774645931791096,0.06930899889409409
2019-02-19,9.481805974944283e-05,0.00029432992548771275,0.0026760232960936,0.012344801462767143,-0.04067157046962448,-0.2960363364169295,-0.0023816933706058874,0.255364765947305,0.06984339872634854
2019-02-20,-0.000210166361904779,-0.00047604657897990085,-0.003407111890974,0.012134635100862365,-0.04114761704860438,-0.2994434483079035,0.002931065311994099,0.2582958312592991,0.07229221545654627
2019-02-21,-0.0004275332698727765,0.0024030422152900117,0.0191276872797856,0.011707101830989589,-0.03874457483331437,-0.2803157610281179,-0.016724645064495586,0.24157118619480353,0.070219873827459
2019-02-22,-0.0001821567245449297,0.005936295669429422,0.0543796976081246,0.011524945106444659,-0.03280827916388495,-0.22593606341999328,-0.048443401938695174,0.19312778425610833,0.06746280518144292
2019-02-25,0.0002164341202576962,-0.0002157317426009215,-0.0080396762078166,0.011741379226702355,-0.03302401090648587,-0.23397573962780988,0.007823944465215678,0.200951728721324,0.06977168286788163
2019-02-26,-0.00040747454912703747,-0.0005124364796486035,-0.0001560870922231,0.011333904677575318,-0.033536447386134476,-0.23413182672003297,-0.0003563493874255035,0.20059537933389848,0.07118670073793368
2019-02-27,0.0005296351666958679,0.0007285934960811944,-0.0022163034529464,0.011863539844271185,-0.03280785389005328,-0.23634813017297937,0.0029448969490275946,0.2035402762829261,0.06862374184639054
2019-02-28,0.00014015889180868613,0.0007890047886667538,0.0158306749967308,0.01200369873607987,-0.032018849101386526,-0.22051745517624857,-0.015041670208064047,0.18849860607486205,0.0693661731771603
2019-03-01,-0.0002301305693341788,0.0019256586375773427,0.013551427585616,0.011773568166745692,-0.030093190463809184,-0.20696602759063257,-0.011625768948038656,0.1768728371268234,0.06962669713465135
2019-03-04,-0.00035792010328079463,0.003011071485608606,0.0119143139613689,0.011415648063464897,-0.02708211897820058,-0.19505171362926366,-0.008903242475760294,0.1679695946510631,0.0682076128243019
2019-03-05,-0.0008119998926942206,0.0022833687517050828,0.0133798988578763,0.010603648170770676,-0.024798750226495497,-0.18167181477138736,-0.011096530106171218,0.15687306454489186,0.07009904374380733
2019-03-06,-0.0012879234467662723,0.0014054463663688156,-0.0008832669381295,0.009315724724004402,-0.023393303860126682,-0.18255508170951687,0.002288713304498316,0.15916177784939017,0.07291141547713868
2019-03-07,0.0014734290782644794,-0.005572825289967277,-0.0426703885659484,0.010789153802268883,-0.02896612915009396,-0.22522547027546527,0.03709756327598113,0.1962593411253713,0.06845472752896188
2019-03-08,-0.00040460508535716236,0.005187362699953174,0.0256992769932573,0.01038454871691172,-0.023778766450140786,-0.19952619328220797,-0.020511914293304127,0.17574742683206718,0.06920182621523537
2019-03-11,-0.00027022008188454374,0.002128229977171897,0.0121273175554188,0.010114328635027175,-0.021650536472968888,-0.18739887572678918,-0.009999087578246902,0.1657483392538203,0.0734594590487184
2019-03-12,-9.010537451408609e-05,-0.002135112024483376,-0.0146904640296736,0.010024223260513089,-0.023785648497452263,-0.2020893397564628,0.012555352005190226,0.17830369125901052,0.07087690408048145
2019-03-13,0.0007830020878356593,-0.0027068443231324504,-0.0150706703732879,0.010807225348348748,-0.026492492820584714,-0.2171600101297507,0.01236382605015545,0.19066751730916598,0.07037561114518165
2019-03-14,-0.0003829823060748292,0.0015650415052041549,0.0115257914182647,0.010424243042273918,-0.024927451315380558,-0.205634218711486,-0.009960749913060545,0.18070676739610542,0.07101951066079872
2019-03-15,0.00025759583901563285,0.0024483408183469573,0.0244443210595683,0.01068183888128955,-0.022479110497033602,-0.18118989765191768,-0.021995980241221343,0.15871078715488407,0.0708346879707175
2019-03-18,8.821104466605472e-05,0.00046768016143189085,-0.0010386005151526,0.010770049925955606,-0.02201143033560171,-0.18222849816707026,0.001506280676584491,0.16021706783146855,0.07182013533338712
2019-03-19,-0.0004158003271964938,-0.00013016059689714224,-0.0014302175232411,0.010354249598759113,-0.022141590932498855,-0.18365871569031136,0.0013000569263439579,0.16151712475781252,0.06857546626140512
2019-03-20,0.000254566740791277,0.0012786165393775155,0.0042465819751163,0.01060881633955039,-0.02086297439312134,-0.17941213371519507,-0.002967965435738785,0.15854915932207372,0.06998337487489566
2019-03-21,4.12036275107033e-06,0.000484257733939501,0.0008862142403085,0.01061293670230146,-0.02037871665918184,-0.17852591947488658,-0.00040195650636899895,0.15814720281570474,0.069157374222781
2019-03-22,0.0001347909830695988,-0.0008879031617723966,-0.0187560191244772,0.010747727685371059,-0.021266619820954236,-0.19728193859936377,0.017868115962704805,0.17601531877840954,0.06914483929480464
2019-03-25,-5.5051335133177494e-05,-0.0028443640694980786,-0.0173685418408224,0.010692676350237882,-0.024110983890452315,-0.21465048044018617,0.01452417777132432,0.19053949654973384,0.07020611425515948
2019-03-26,-8.3971587703725e-05,0.0006954265866442295,0.008821149037225,0.010608704762534157,-0.023415557303808086,-0.20582933140296117,-0.00812572245058077,0.18241377409915308,0.06894496440635219
2019-03-27,0.00032207470089679546,-0.0015171180517126674,-0.0091615984868105,0.010930779463430953,-0.024932675355520753,-0.21499092988977167,0.007644480435097832,0.1900582545342509,0.06856192303520882
2019-03-28,0.0006164433899192143,0.0032006146238245997,0.0317806755048708,0.011547222853350168,-0.021732060731696153,-0.18321025438490088,-0.0285800608810462,0.16147819365320473,0.07147159259120722
2019-03-29,-0.00015045238572996276,0.0037634405364611254,0.0289157997092267,0.011396770467620205,-0.017968620195235027,-0.15429445467567418,-0.025152359172765575,0.13632583448043917,0.07123673457464313
2019-04-01,0.00012766655118568219,0.0005937970889064443,0.0009959600555372,0.011524437018805888,-0.017374823106328582,-0.15329849462013698,-0.00040216296663075565,0.1359236715138084,0.07118022484500114
2019-04-02,-0.0002620878684153177,0.0009230479891237494,0.0110267405212969,0.01126234915039057,-0.016451775117204834,-0.14227175409884008,-0.01010369253217315,0.12581997898163524,0.06785658795387113
2019-04-03,-0.00019211295177572568,0.0002625113188461345,0.008141213873208,0.011070236198614844,-0.0161892637983587,-0.1341305402256321,-0.007878702554361865,0.1179412764272734,0.06961182689003281
2019-04-04,-9.13945631089728e-05,-0.00040456414761136356,-0.0024391107796338,0.010978841635505871,-0.016593827945970065,-0.13656965100526589,0.0020345466320224365,0.11997582305929583,0.06606872428522102
2019-04-08,0.00013641997914990076,0.000564633056354711,0.0003726992506791,0.011115261614655772,-0.016029194889615354,-0.1361969517545868,0.00019193380567561095,0.12016775686497144,0.06876226182583373
2019-04-09,-0.00011258524615579897,-0.0001759307251855396,-0.0007184468084606,0.011002676368499973,-0.016205125614800895,-0.13691539856304738,0.0005425160832750604,0.12071027294824649,0.06967990615926253
2019-04-10,0.00015402349931043814,-0.002073489122163717,-0.0184750303904839,0.011156699867810411,-0.018278614736964613,-0.15539042895353128,0.01640154126832018,0.13711181421656665,0.07106499685461325
2019-04-11,0.0006818925712990135,0.00011881334792269332,-0.0011128331812969,0.011838592439109424,-0.01815980138904192,-0.15650326213482818,0.0012316465292195934,0.13834346074578627,0.07009675159930812
2019-04-12,0.00016610156445579223,-0.0010259709285158924,-0.0043942915926193,0.012004694003565217,-0.019185772317557814,-0.1608975537274475,0.0033683206641034074,0.1417117814098897,0.0697207542092592
2019-04-15,6.978764966955626e-05,0.002295755412466808,0.0239294718738194,0.012074481653234773,-0.016890016905091006,-0.13696808185362808,-0.021633716461352592,0.12007806494853707,0.07151246465719065
2019-04-16,5.721444906956527e-07,0.000916655582892178,0.0038853379856564,0.01207505379772547,-0.01597336132219883,-0.13308274386797167,-0.0029686824027642215,0.11710938254577284,0.0692644313032223
2019-04-17,0.00028772084125097523,-0.0005353658917212714,-0.0055073228442824,0.012362774638976445,-0.0165087272139201,-0.13859006671225407,0.0049719569525611285,0.12208133949833397,0.06684910601773453
2019-04-18,-6.859234714220631e-05,0.0007713979467653284,0.0076283655031633,0.012294182291834238,-0.015737329267154772,-0.1309617012090908,-0.006856967556397971,0.11522437194193602,0.06851269120420124
2019-04-19,-0.00014127233109855302,-0.0015676604565236431,-0.0180000695962831,0.012152909960735685,-0.017304989723678416,-0.14896177080537387,0.016432409139759456,0.13165678108169546,0.07048085822516256
2019-04-22,0.00040993304153075287,-0.002014306726599041,-0.0080318118145202,0.012562843002266438,-0.019319296450277457,-0.15699358261989407,0.0060175050879211585,0.1376742861696166,0.06910797376705619
2019-04-23,-0.00022242538413260075,0.0010381454846727458,0.0045080222664411,0.012340417618133837,-0.01828115096560471,-0.15248556035345298,-0.003469876781768354,0.13420440938784828,0.06864708261022616
2019-04-24,0.00025591608911425603,-0.005078740612295623,-0.0280942704751491,0.012596333707248093,-0.023359891577900332,-0.18057983082860207,0.02301552986285348,0.15721993925070174,0.07144909975106577
2019-04-25,0.0003065800842356551,-0.0014179892407824308,-0.0121585900042967,0.012902913791483749,-0.024777880818682763,-0.19273842083289877,0.01074060076351427,0.167960540014216,0.07247613343170388
2019-04-26,0.0011793161335344076,-0.003936911105026159,-0.0115772168662027,0.014082229925018156,-0.028714791923708922,-0.20431563769910147,0.00764030576117654,0.17560084577539253,0.07018497370303343
2019-04-29,0.0005808726267955261,0.0012811217979506204,0.0050932616760548,0.014663102551813682,-0.0274336701257583,-0.19922237602304665,-0.0038121398781041796,0.17178870589728834,0.07006687687398812
2019-04-30,6.099821966569582e-05,-0.008515804623275952,-0.064093342963868,0.014724100771479377,-0.03594947474903425,-0.26331571898691464,0.05557753834059204,0.22736624423788038,0.06872718542590231
2019-05-06,-0.00027922204389863156,0.0015768723948247354,0.0089177668984443,0.014444878727580745,-0.03437260235420952,-0.2543979520884703,-0.007340894503619565,0.2200253497342608,0.06891082609947437
2019-05-07,0.0002473202523753138,-0.0001578695506260037,-0.0103870331575191,0.014692198979956059,-0.03453047190483552,-0.2647849852459894,0.010229163606893098,0.2302545133411539,0.06850361014162734
2019-05-08,0.0004144934288219232,-0.0008663876373531719,-0.0146547341273532,0.015106692408777982,-0.03539685954218869,-0.2794397193733426,0.013788346490000028,0.24404285983115392,0.07083261798919924
2019-05-09,2.076948093409167e-05,0.004091857910273131,0.0322000483882132,0.015127461889712073,-0.03130500163191556,-0.24723967098512942,-0.028108190477940068,0.21593466935321387,0.07244639789820959
2019-05-10,-0.00044387312099231633,-0.0009618167965629809,-0.0126920457542893,0.014683588768719757,-0.03226681842847854,-0.25993171673941873,0.011730228957726319,0.2276648983109402,0.07228400798119015
2019-05-13,2.108592270447785e-05,-0.0008360286768947112,-0.0066532250552092,0.014704674691424235,-0.03310284710537325,-0.26658494179462794,0.005817196378314488,0.23348209468925468,0.0708541109461933
2019-05-14,7.916023086470368e-05,0.0028224896902789252,0.020180561134738,0.014783834922288939,-0.030280357415094324,-0.24640438065988993,-0.017358071444459076,0.2161240232447956,0.06909030919049734
2019-05-15,-2.3398134521016734e-05,0.0008272381820944497,0.0048089978119853,0.014760436787767922,-0.029453119232999876,-0.24159538284790463,-0.00398175962989085,0.21214226361490476,0.06869964286522773
2019-05-16,0.0005755532951097675,-0.004389440198850818,-0.0276743557739096,0.01533599008287769,-0.033842559431850695,-0.26926973862181425,0.02328491557505878,0.23542717918996356,0.07033122587067663
2019-05-17,-0.0008089464733096753,-0.0010159530801521126,-0.0048056236003285,0.014527043609568014,-0.03485851251200281,-0.27407536222214274,0.0037896705201763874,0.23921684971013993,0.06883997939876935
2019-05-20,0.00024995616047279045,0.002219336281766164,0.0136267831841682,0.014776999770040804,-0.03263917623023665,-0.2604485790379745,-0.011407446902402037,0.22780940280773787,0.07364941866167142
2019-05-21,-0.00010914571617564155,-0.0008399825408125234,-0.0052865256056417,0.014667854053865163,-0.03347915877104917,-0.2657351046436162,0.004446543064829177,0.23225594587256704,0.07178730218392558
2019-05-22,-4.7166435658883455e-05,-0.0029990271754691883,-0.0172275010022488,0.01462068761820628,-0.03647818594651836,-0.282962605645865,0.014228473826779612,0.24648441969934665,0.07247874086394784
2019-05-23,-7.990006684140574e-07,-0.0008710659405567476,-0.0018184180525393,0.014619888617537866,-0.03734925188707511,-0.2847810236984043,0.0009473521119825524,0.2474317718113292,0.07047688123699804
2019-05-24,-0.00034991305349940926,0.0030728478364721442,0.0159544741699701,0.014269975564038456,-0.03427640405060296,-0.2688265495284342,-0.012881626333497955,0.23455014547783126,0.0716745682644518
2019-05-27,0.00032727670849786675,0.00028779939983986,0.0055905938973755,0.014597252272536321,-0.0339886046507631,-0.2632359556310587,-0.00530279449753564,0.22924735098029564,0.07198964481017939
2019-05-28,-0.0003968746788776438,0.00014015332969174153,-0.0001318123491041,0.014200377593658678,-0.03384845132107136,-0.2633677679801628,0.0002719656787958415,0.22951931665909145,0.06779133727479063
2019-05-29,-0.00012501166450554302,-0.0010232086192334686,-0.0047507204051585,0.014075365929153134,-0.034871659940304826,-0.2681184883853213,0.003727511785925031,0.23324682844501649,0.06854170228198751
2019-05-30,-0.00012461862216545273,-0.00023050520098513084,-0.0027133696800896,0.013950747306987681,-0.03510216514128996,-0.27083185806541094,0.002482864479104469,0.235729692924121,0.06909975404900515
2019-05-31,0.00014015096101366585,-0.002004252065895629,-0.0041436045631774,0.014090898268001348,-0.037106417207185584,-0.27497546262858835,0.002139352497281771,0.23786904542140277,0.0711412911684324
2019-06-03,0.00018221723227035606,-0.0019111119411158897,-0.0101970397921408,0.014273115500271704,-0.03901752914830147,-0.28517250242072917,0.00828592785102491,0.2461549732724277,0.0723812563561079
2019-06-04,-0.0005244397592417581,-0.0001363403394317391,0.0003002392956292,0.013748675741029946,-0.03915386948773321,-0.28487226312509994,-0.0004365796350609391,0.24571839363736675,0.06967315008315307
2019-06-05,0.00020576546439231234,-0.002825676247087838,-0.0146210058285978,0.013954441205422259,-0.041979545734821044,-0.29949326895369777,0.011795329581509962,0.2575137232188767,0.07131250882084608
2019-06-06,-0.0002803761597262727,0.0010573608900283748,0.0103155664203442,0.013674065045695986,-0.04092218484479267,-0.28917770253335356,-0.009258205530315826,0.2482555176885609,0.06899227655994788
2019-06-10,0.0001759438414784865,0.0039508387859544195,0.0281249045861766,0.013850008887174473,-0.03697134605883825,-0.26105279794717695,-0.02417406580022218,0.2240814518883387,0.07069048434287176
2019-06-11,8.306496399662978e-05,-0.0004902366288883373,-0.0066178768764574,0.013933073851171103,-0.037461582687726584,-0.2676706748236343,0.006127640247569063,0.23020909213590773,0.06938857511275001
2019-06-12,-0.0004081372202811226,0.0005622003209905466,0.0007160015893938,0.01352493663088998,-0.03689938236673604,-0.26695467323424055,-0.00015380126840325336,0.2300552908675045,0.07387460835220114
2019-06-13,0.00039542198404921513,-0.002332593841536293,-0.0120764048378169,0.013920358614939196,-0.03923197620827233,-0.27903107807205746,0.009743810996280607,0.2397991018637851,0.07057794289349045
2019-06-14,-1.766385313545097e-05,0.00031092188676650216,0.0004952430192169,0.013902694761803745,-0.03892105432150583,-0.2785358350528406,-0.00018432113245039786,0.23961478073133474,0.06784496685588914
2019-06-17,0.00013886776010541016,-0.00017313281091735062,0.0012233876349699,0.014041562521909155,-0.039094187132423186,-0.2773124474178707,-0.0013965204458872508,0.23821826028544751,0.0686707966224557
2019-06-18,-0.00010389214371656611,0.0015238705766965116,0.0129107336755395,0.01393767037819259,-0.03757031655572667,-0.2644017137423312,-0.011386863098842988,0.2268313971866045,0.0697227869162906
2019-06-19,0.0001696103283098419,0.001716751324429531,0.022216386380719,0.014107280706502431,-0.03585356523129714,-0.2421853273616122,-0.02049963505628947,0.20633176213031507,0.07114501186362651
2019-06-20,-0.0002702781755511347,0.0018015407729066537,0.0063248612931802,0.013837002530951296,-0.034052024458390485,-0.235860466068432,-0.004523320520273546,0.20180844161004152,0.0684768328764187
2019-06-21,1.636690924113485e-05,-0.00010005864275427438,0.0011094565069221,0.01385336944019243,-0.03415208310114476,-0.2347510095615099,-0.0012095151496763744,0.20059892646036515,0.06994546750201196
2019-06-24,-5.5089178880430305e-05,-0.0012145929324769407,-0.0096392349402953,0.013798280261312,-0.0353666760336217,-0.24439024450180521,0.00842464200781836,0.2090235684681835,0.0683694446970591
2019-06-25,6.0992724793885264e-05,-0.0001518106019219261,-0.0014773522341867,0.013859272986105885,-0.03551848663554363,-0.24586759673599193,0.001325541632264774,0.2103491101004483,0.06952784927347518
2019-06-26,2.52321229842307e-05,0.0006764552150716868,0.0085216674630804,0.013884505109090116,-0.03484203142047194,-0.23734592927291154,-0.007845212248008713,0.2025038978524396,0.07294847863936148
2019-06-27,0.0001640288710263483,-0.0014172097954819334,-0.0063583437937603,0.014048533980116464,-0.03625924121595387,-0.24370427306667183,0.0049411339982783666,0.20744503185071797,0.0705598621699167
2019-06-28,-0.00013550172057437437,0.0029881826909669822,0.0251038724828797,0.01391303225954209,-0.033271058524986886,-0.21860040058379213,-0.022115689791912717,0.18532934205880525,0.06996325890127253
2019-07-01,0.0001357698524980692,-6.874002305190103e-05,-2.532280264156252e-05,0.01404880211204016,-0.033339798548038785,-0.21862572338643368,-4.341722041033851e-05,0.1852859248383949,0.0684959926443204
2019-07-02,0.0001742179699929636,-0.0010244681402906818,-0.0087718346811965,0.014223020082033123,-0.03436426668832947,-0.22739755806763018,0.007747366540905818,0.1930332913793007,0.07009863049921522
2019-07-03,-9.454179851923006e-05,-0.0005108260805302749,-0.0041371217392383,0.014128478283513893,-0.03487509276885974,-0.23153467980686848,0.0036262956587080246,0.19665958703800873,0.06864661232626555
2019-07-04,0.00013875160385725714,0.0003696399602268192,0.0027945898737312,0.01426722988737115,-0.03450545280863292,-0.22874008993313727,-0.0024249499135043807,0.19423463712450434,0.06878983139452564
2019-07-05,4.230842474843727e-05,-0.004036209083252894,-0.0264926391149647,0.014309538312119587,-0.03854166189188582,-0.25523272904810196,0.022456430031711806,0.21669106715621614,0.06828614940015801
2019-07-08,-0.00022399931470843464,0.00024148726238290826,-0.0007501997292601,0.014085538997411152,-0.038300174629502914,-0.25598292877736206,0.0009916869916430082,0.21768275414785915,0.06905904265529673
2019-07-09,0.0001746572753710187,-0.0007785209993427065,-0.0049075456920974,0.014260196272782171,-0.03907869562884562,-0.26089047446945945,0.004129024692754694,0.22181177884061384,0.07430762039909611
2019-07-10,8.090713813715519e-05,0.0001513416915403872,0.0006340203771346,0.014341103410919325,-0.03892735393730523,-0.26025645409232484,-0.00048267868559421286,0.2213291001550196,0.06845176717687917
2019-07-11,-9.19779387391518e-06,0.0002734610047521049,0.0059906389552443,0.01433190561704541,-0.03865389293255313,-0.2542658151370805,-0.005717177950492195,0.2156119222045274,0.06985095382271657
2019-07-12,0.00010073813764725215,0.001091141200931005,0.0055077195555428,0.014432643754692663,-0.03756275173162212,-0.24875809558153772,-0.004416578354611795,0.2111953438499156,0.06790849556776603
2019-07-15,-0.00011554317391514246,0.00030722326235762946,-0.0014684577890466,0.01431710058077752,-0.03725552846926449,-0.2502265533705843,0.0017756810514042295,0.2129710249013198,0.07364110732870167
2019-07-16,-7.813918774742976e-05,-5.0502907258991274e-05,-0.0008350347651256,0.01423896139303009,-0.03730603137652348,-0.2510615881357099,0.0007845318578666088,0.2137555567591864,0.0724313575541069
2019-07-17,0.00017347209462780988,-0.0020388031827008324,-0.011318673644074,0.0144124334876579,-0.039344834559224315,-0.2623802617797839,0.009279870461373168,0.22303542722055958,0.07018689657884508
2019-07-18,0.00024140979635224426,0.0007281578032015417,0.0080696156983001,0.014653843284010145,-0.038616676756022775,-0.2543106460814838,-0.007341457895098559,0.21569396932546103,0.06880518933014965
2019-07-19,0.0007945414346799982,-0.003248515903443526,-0.0134186293568614,0.015448384718690143,-0.041865192659466303,-0.2677292754383452,0.010170113453417874,0.22586408277887887,0.07416373337137973
2019-07-22,-0.00041653747625616675,0.0014130993101806391,0.0059722725832454,0.015031847242433977,-0.040452093349285664,-0.2617570028550998,-0.004559173273064761,0.2213049095058141,0.06809107879709202
2019-07-23,0.00011655664465060238,0.0015701283929776596,0.0090516902916903,0.015148403887084579,-0.038881964956308,-0.2527053125634095,-0.00748156189871264,0.2138233476071015,0.06806569762945265
2019-07-24,4.556859062169777e-05,0.000258580774557727,0.0052382761029249,0.015193972477706277,-0.03862338418175028,-0.2474670364604846,-0.004979695328367173,0.2088436522787343,0.07173412372941376
2019-07-25,0.00020204819401567037,0.00014844380350826172,0.0013741817259798,0.015396020671721947,-0.03847494037824201,-0.2460928547345048,-0.0012257379224715384,0.20761791435626278,0.07045587325181238
2019-07-26,0.00014206346204902399,-3.2391698052929958e-06,-0.0007776909861013,0.01553808413377097,-0.0384781795480473,-0.2468705457206061,0.000774451816296007,0.2083923661725588,0.06882205392635798
2019-07-29,-4.890032634322039e-07,0.0005717399819858388,0.0043107022622238,0.015537595130507538,-0.03790643956606146,-0.2425598434583823,-0.0037389622802379615,0.20465340389232084,0.06938091267118365
2019-07-30,-0.00016727773111583277,-0.0008496002285116598,-0.0070214188614364,0.015370317399391705,-0.03875603979457312,-0.2495812623198187,0.00617181863292474,0.21082522252524558,0.07035199361103665
2019-07-31,-0.00028621965620122323,-0.0005896218483911321,-0.007148519301761,0.015084097743190483,-0.039345661642964255,-0.2567297816215797,0.006558897453369868,0.21738411997861545,0.06868828794189341
2019-08-01,-0.0003582409724830265,-0.0023024635112181787,-0.014864137074213,0.014725856770707455,-0.04164812515418243,-0.27159391869579275,0.012561673562994822,0.22994579354161032,0.0682646291689249
2019-08-02,-0.00020662445831706798,-0.0015437103149184054,-0.0162535993097497,0.014519232312390388,-0.04319183546910084,-0.2878475180055424,0.014709888994831293,0.2446556825364416,0.07150700362196694
2019-08-05,0.000139706290316688,-0.0034478092092379434,-0.0164958133832842,0.014658938602707075,-0.04663964467833878,-0.30434333138882663,0.013048004174046259,0.2577036867104878,0.06836380588036714
2019-08-06,0.00035395708648446966,-0.00023987306530903987,-0.003760972526929,0.015012895689191544,-0.04687951774364782,-0.3081043039157556,0.0035210994616199603,0.26122478617210776,0.06858665331051829
2019-08-07,0.0001665141763424881,0.000753218090870655,0.0097574436155389,0.015179409865534033,-0.04612629965277716,-0.29834686030021673,-0.009004225524668246,0.2522205606474396,0.07317214304347651
2019-08-08,-4.0581482399328445e-06,-0.0013032814336611678,-0.0085564940562342,0.0151753517172941,-0.04742958108643833,-0.30690335435645094,0.0072532126225730315,0.25947377327001264,0.06848575686454161
2019-08-09,-0.00011351867153099348,0.0016753001050756932,0.0157441059917423,0.015061833045763105,-0.04575428098136263,-0.29115924836470863,-0.014068805886666608,0.245404967383346,0.069118298300549
2019-08-12,-0.00016528564886803603,-0.0006958364809873052,-0.0069956035420279,0.014896547396895068,-0.046450117462349935,-0.2981548519067365,0.006299767061040595,0.25170473444438657,0.07000513976074987
2019-08-13,5.295353910266812e-06,0.0007306652677186191,0.0047523215001223,0.014901842750805335,-0.04571945219463132,-0.29340253040661424,-0.004021656232403681,0.24768307821198293,0.06914756289476111
2019-08-14,-0.00031170357854556625,0.0002658307911762141,0.0032629898295355,0.01459013917225977,-0.0454536214034551,-0.29013954057707875,-0.002997159038359286,0.24468591917362364,0.06927647303967899
2019-08-15,7.011303704168597e-05,0.0005568723123123842,0.0034531074878289,0.014660252209301455,-0.04489674909114272,-0.28668643308924985,-0.002896235175516516,0.24178968399810713,0.06852258883360368
2019-08-16,-0.0003167348740883353,0.003428050312568102,0.0228493829868133,0.01434351733521312,-0.04146869877857462,-0.2638370501024365,-0.019421332674245197,0.2223683513238619,0.07060846617381618
2019-08-19,-9.747985635944166e-06,0.00026137290192090266,-0.0007152651295374,0.014333769349577176,-0.04120732587665372,-0.2645523152319739,0.0009766380314583027,0.2233449893553202,0.06959249941096456
2019-08-20,-0.00034351704034090276,4.4370921034681095e-06,-0.0002816222109887,0.013990252309236274,-0.04120288878455025,-0.26483393744296263,0.00028605930309216814,0.22363104865841238,0.07289244153389436
2019-08-21,-0.000288133698697648,0.00038788824106211013,0.001633147766652,0.013702118610538626,-0.04081500054348814,-0.2632007896763106,-0.00124525952558989,0.22238578913282248,0.07198004557532162
2019-08-22,0.00025059506279596466,-0.0001747990785230688,0.0033793314903308,0.01395271367333459,-0.04098979962201121,-0.2598214581859798,-0.003554130568853869,0.21883165856396858,0.07143532202777134
2019-08-23,-0.0003087914091710436,-0.0009530195627349894,-0.0107685680576831,0.013643922264163546,-0.0419428191847462,-0.2705900262436629,0.00981554849494811,0.22864720705891672,0.07080506077544943
2019-08-26,0.00015761100219538064,0.002217817626170775,0.0145304372334204,0.013801533266358927,-0.039725001558575425,-0.2560595890102425,-0.012312619607249624,0.2163345874516671,0.07036120175717195
2019-08-27,0.0004737333360182964,0.00010977323158013438,-0.0030863154600817,0.014275266602377224,-0.03961522832699529,-0.2591459044703242,0.0031960886916618343,0.2195306761433289,0.06884615422464205
2019-08-28,-5.767391293980517e-05,-8.020008546008489e-05,-0.001414086717042,0.01421759268943742,-0.03969542841245537,-0.2605599911873662,0.001333886631581915,0.22086456277491084,0.0657475240638389
2019-08-29,0.0005075806145198346,-0.0015080961885055308,-0.0039358913738441,0.014725173303957255,-0.041203524600960904,-0.2644958825612103,0.002427795185338569,0.2232923579602494,0.06876291078691293
2019-08-30,-0.00021505385737083434,0.0026536830507324053,0.0153533390510022,0.01451011944658642,-0.038549841550228496,-0.24914254351020812,-0.012699656000269795,0.21059270195997962,0.06789494858530337
2019-09-02,0.00013226997934837544,0.0007715660052180541,0.0031454121912061,0.014642389425934797,-0.03777827554501044,-0.24599713131900203,-0.002373846185988046,0.20821885577399157,0.06542969912399764
2019-09-03,1.748135268069252e-06,0.0009067515637560811,0.0089425186100308,0.014644137561202865,-0.03687152398125436,-0.2370546127089712,-0.00803576704627472,0.20018308872771684,0.06985189407626102
2019-09-04,0.0002551275654706216,0.001216846652195712,0.0093081368425427,0.014899265126673486,-0.035654677329058644,-0.22774647586642852,-0.00809129019034699,0.19209179853736988,0.06915697212692652
2019-09-05,-0.00026374013443215474,0.00040203234484478194,0.0043773904770668,0.014635524992241331,-0.03525264498421386,-0.2233690853893617,-0.003975358132222018,0.18811644040514786,0.06822611850764072
2019-09-06,1.178018016601614e-05,0.0024345066988020556,0.0110787287907141,0.014647305172407348,-0.03281813828541181,-0.21229035659864762,-0.008644222091912044,0.17947221831323582,0.06979119299892954
2019-09-09,0.00014376698935599915,0.00034911276497978086,-0.0017753691049116,0.014791072161763348,-0.03246902552043203,-0.21406572570355922,0.002124481869891381,0.18159670018312718,0.07163913211174702
2019-09-10,-0.00011048321712582984,-0.0007316987920865365,-0.0051386714178541,0.014680588944637519,-0.03320072431251857,-0.21920439712141332,0.004406972625767564,0.18600367280889474,0.06877784182938956
2019-09-11,4.18463613053734e-05,0.0006750996339140528,0.0068080741613192,0.014722435305942892,-0.032525624678604516,-0.2123963229600941,-0.006132974527405148,0.1798706982814896,0.0701520799176775
2019-09-12,-8.497030343117631e-06,0.00037150945131427573,-0.0001504411195609,0.014713938275599773,-0.03215411522729024,-0.212546764079655,0.0005219505708751757,0.18039264885236478,0.07069142545644798
2019-09-16,0.00015717337147111204,-0.0023487080514556324,-0.0182574066341475,0.014871111647070886,-0.03450282327874587,-0.2308041707138025,0.015908698582691866,0.19630134743505662,0.06945663227289249
2019-09-17,0.00012235252748813222,0.0001846738745333865,0.0021404972263647,0.014993464174559018,-0.03431814940421248,-0.2286636734874378,-0.0019558233518313134,0.1943455240832253,0.06981113314166543
2019-09-18,0.00028686746183449155,0.0012550612880204042,0.005867524825609,0.01528033163639351,-0.03306308811619208,-0.22279614866182879,-0.004612463537588596,0.1897330605456367,0.07455354649745619
2019-09-19,6.418466983465306e-05,0.00011333496915046078,0.0021868905021832,0.015344516306228163,-0.03294975314704162,-0.22060925815964558,-0.002073555533032739,0.18765950501260395,0.07149699397970068
2019-09-20,-0.00035328402794529315,-0.001132961170610452,-0.0099539017118717,0.014991232278282871,-0.03408271431765207,-0.23056315987151726,0.008820940541261247,0.19648044555386518,0.07122837637712091
2019-09-23,0.00016100333785029402,0.00028311708295680635,0.0022805587864175,0.015152235616133165,-0.033799597234695264,-0.22828260108509976,-0.0019974417034606937,0.1944830038504045,0.06962405471494959
2019-09-24,0.00024711541031821507,-0.002131182925833177,-0.0116868330318336,0.01539935102645138,-0.03593078016052844,-0.23996943411693336,0.009555650106000423,0.20403865395640491,0.0694387926676457
2019-09-25,0.0006011993818129535,-0.002846164381070428,-0.0137195685600183,0.016000550408264334,-0.03877694454159887,-0.25368900267695166,0.010873404178947874,0.2149120581353528,0.07034513627186754
2019-09-26,0.00028254467444326667,0.001102946505415626,0.00357064854609,0.016283095082707602,-0.037673998036183244,-0.25011835413086164,-0.002467702040674374,0.2124443560946784,0.06997274527631266
2019-09-27,0.00018439476666424958,-0.0011583710509836841,-0.009799211379862,0.016467489849371852,-0.038832369087166925,-0.25991756551072365,0.008640840328878316,0.22108519642355673,0.06930356327731448
2019-09-30,-0.00017272597301500693,0.00012767399266613082,0.0029397057947559,0.016294763876356845,-0.03870469509450079,-0.25697785971596776,-0.002812031802089769,0.21827316462146695,0.07021783660171772
2019-10-08,1.6969380590886036e-06,0.0009653142832899499,0.0047585211133725,0.016296460814415933,-0.037739380811210844,-0.25221933860259527,-0.00379320683008255,0.21447995779138443,0.06927171400184418
2019-10-09,0.00043114090909750083,0.0015754457924044341,0.0095599653174757,0.016727601723513435,-0.03616393501880641,-0.24265937328511958,-0.007984519525071267,0.20649543826631317,0.06695091590004715
2019-10-10,0.00020788721787500666,0.00026008980953548804,0.0070422060370176,0.01693548894138844,-0.035903845209270924,-0.23561716724810197,-0.0067821162274821125,0.19971332203883105,0.06849345787239336
2019-10-11,6.403193393340712e-06,0.0017381868921962145,0.0121976383994122,0.016941892134781783,-0.03416565831707471,-0.22341952884868976,-0.010459451507215986,0.18925387053161505,0.06860952369017029
2019-10-14,0.00014445532735710584,-0.0011644605359008796,-0.0072456442893855,0.017086347462138888,-0.03533011885297559,-0.23066517313807527,0.006081183753484621,0.19533505428509967,0.06720079628211213
2019-10-15,-6.930470055979046e-05,-0.000704329053071912,-0.0041725906644979,0.017017042761579098,-0.0360344479060475,-0.23483776380257318,0.003468261611425988,0.19880331589652567,0.07008564243482197
2019-10-16,8.610776309722859e-05,-0.00017904165609000246,-4.909195908094479e-05,0.017103150524676328,-0.0362134895621375,-0.23488685576165413,-0.00012994969700905767,0.19867336619951664,0.06953626411295433
2019-10-17,-1.1564268739674887e-05,-0.001581458331582397,-0.0127693919484936,0.017091586255936653,-0.03779494789371989,-0.24765624771014774,0.011187933616911203,0.20986129981642784,0.06919304821748302
2019-10-18,-5.928744685319113e-05,-0.0004584223731999626,0.0012430251199828,0.01703229880908346,-0.038253370266919856,-0.24641322259016493,-0.0017014474931827625,0.20815985232324508,0.06904823447668991
2019-10-21,5.4597051165517e-05,0.0013637975658476042,0.0061781057422775,0.017086895860248977,-0.03688957270107225,-0.24023511684788743,-0.004814308176429896,0.20334554414681516,0.0719120447194956
2019-10-22,0.00015083979053966134,-0.0006359887157195301,-0.0052665686975749,0.01723773565078864,-0.03752556141679178,-0.2455016855454623,0.00463057998185537,0.20797612412867053,0.06840081486665298
2019-10-23,0.00025201880856561595,2.4462767755359705e-05,-0.0004135939187166,0.017489754459354256,-0.03750109864903642,-0.2459152794641789,0.0004380566864719597,0.20841418081514249,0.07202983558877296
2019-10-24,0.0002101668050120437,0.0008832467263840665,0.0059944959986569,0.0176999212643663,-0.03661785192265235,-0.239920783465522,-0.005111249272272834,0.20330293154286966,0.07001762248033663
2019-10-25,-0.0002527445439301348,0.0018689841807295743,0.0099450100610279,0.017447176720436164,-0.034748867741922776,-0.2299757734044941,-0.008076025880298326,0.19522690566257134,0.07038146908123853
2019-10-28,0.0002680337078636492,-0.0015494441677703012,-0.0085725913683219,0.017715210428299814,-0.03629831190969308,-0.238548364772816,0.007023147200551598,0.20225005286312292,0.06936295517442051
2019-10-29,0.0002750423262708628,-0.0014575263519749579,-0.0060336105913678,0.01799025275457068,-0.037755838261668034,-0.2445819753641838,0.004576084239392843,0.20682613710251577,0.07047320140853111
2019-10-30,0.0005515225352848497,-0.0010204520078787153,-0.0048025433788397,0.01854177528985553,-0.03877629026954675,-0.2493845187430235,0.003782091370960985,0.21060822847347677,0.07031883334342111
2019-10-31,-3.757927490795014e-05,0.0012152194743448581,0.0107465880022442,0.01850419601494758,-0.03756107079520189,-0.2386379307407793,-0.00953136852789934,0.2010768599455774,0.0677016522129563
2019-11-01,-2.908865478187234e-05,0.00033308231705052327,0.0059445119481917,0.018475107360165707,-0.03722798847815137,-0.2326934187925876,-0.005611429631141177,0.19546543031443622,0.06833810072450194
2019-11-04,-3.150643427362678e-05,0.00011306259671044036,0.0053922270624829,0.01844360092589208,-0.03711492588144093,-0.22730119173010468,-0.00527916446577246,0.19018626584866377,0.06808885890888695
2019-11-05,1.5617850684960137e-05,-0.0010948635986936003,-0.0052159015843481,0.018459218776577038,-0.03820978948013453,-0.23251709331445278,0.004121037985654499,0.19430730383431824,0.07054381100182586
2019-11-06,-0.00011849696680671318,0.0006394654867910304,0.0021234738642791,0.018340721809770325,-0.0375703239933435,-0.23039361945017367,-0.0014840083774880697,0.19282329545683016,0.06975774937817737
2019-11-07,0.00015136941072127805,-0.00026865848594583827,-0.0045939467804841,0.018492091220491603,-0.03783898247928934,-0.23498756623065778,0.004325288294538262,0.19714858375136846,0.071608628115808
2019-11-08,-0.00013233394783981374,-0.002894798025609734,-0.0197335825760163,0.018359757272651787,-0.04073378050489907,-0.25472114880667407,0.016838784550406567,0.213987368301775,0.06944928398624566
2019-11-11,-4.363615823911338e-05,0.0003916908053927658,0.0015200640762116,0.018316121114412675,-0.040342089699506305,-0.2532010847304625,-0.0011283732708188342,0.21285899503095618,0.06808494117830563
2019-11-12,-9.364474116138549e-05,-0.0005754464978580737,-0.002612353346803,0.01822247637325129,-0.04091753619736438,-0.2558134380772655,0.0020369068489449263,0.2148959018799011,0.07040699503333153
2019-11-13,0.00013397560817770255,0.0007494305093317278,0.0024455100954825,0.018356451981428993,-0.040168105688032654,-0.253367927981783,-0.0016960795861507723,0.21319982229375034,0.06872726770613703
2019-11-14,0.00039290137516573363,-0.0013751065311063129,-0.0077885634027354,0.018749353356594726,-0.04154321221913897,-0.2611564913845184,0.006413456871629087,0.21961327916537943,0.06997693856339725
2019-11-15,-4.099257845311047e-05,0.0008130260119923066,0.0063820170244894,0.018708360778141614,-0.04073018620714666,-0.254774474360029,-0.005568991012497094,0.21404428815288232,0.06950194575196374
2019-11-18,-2.5516296792269307e-05,0.0019644503109145636,0.0112394574087703,0.018682844481349346,-0.0387657358962321,-0.24353501695125868,-0.009275007097855736,0.20476928105502656,0.06952282995445955
2019-11-19,-0.00011771699247454426,-0.0008353742425482757,-0.0079439541999695,0.018565127488874802,-0.03960111013878037,-0.2514789711512282,0.007108579957421225,0.21187786101244782,0.06853358796646754
2019-11-20,-0.0002842263559033169,-0.00019062387731894604,-0.0027978829685693,0.018280901132971487,-0.03979173401609932,-0.2542768541197975,0.002607259091250354,0.2144851201036982,0.06757306524168832
2019-11-21,4.9625145152697384e-05,-0.0010156156182134623,-0.0093177854849555,0.018330526278124183,-0.04080734963431278,-0.263594639604753,0.008302169866742037,0.2227872899704402,0.06797288189315895
2019-11-22,5.57667723900618e-07,-0.0003238297595850815,0.0037868899582502,0.018331083945848085,-0.04113117939389786,-0.2598077496465028,-0.004110719717835281,0.2186765702526049,0.06902060482429584
2019-11-25,0.00014047272987597261,-0.00010823263485708914,0.0014051761976877,0.018471556675724057,-0.04123941202875495,-0.25840257344881506,-0.0015134088325447891,0.21716316142006012,0.0705844372144165
2019-11-26,0.0003152104259815744,-3.696273415030081e-05,-0.0018954533575236,0.01878676710170563,-0.04127637476290525,-0.2602980268063387,0.0018584906233732991,0.21902165204343343,0.06894331859223167
2019-11-27,0.00012099736592832732,-0.0003468653453667291,-0.004066299379376,0.018907764467633956,-0.04162324010827198,-0.2643643261857147,0.003719434034009271,0.22274108607744272,0.06738227404877097
2019-11-28,-0.00015724208673885884,1.1385112048504075e-05,-0.0051875343012178,0.0187505223808951,-0.041611854996223475,-0.2695518604869325,0.005198919413266305,0.22794000549070906,0.0679330362693167
2019-11-29,8.536391390725553e-05,0.00027166803265904477,0.0018803461471114,0.018835886294802356,-0.04134018696356443,-0.2676715143398211,-0.0016086781144523552,0.2263313273762567,0.06971901457028654
2019-12-02,-0.0001299891675981303,0.0007105411529534926,0.0034864077380021,0.018705897127204225,-0.04062964581061094,-0.26418510660181904,-0.0027758665850486073,0.2235554607912081,0.06848769359116186
2019-12-03,0.00010332319580767953,0.00018858102193452524,-0.0009298270846921,0.018809220323011903,-0.040441064788676415,-0.2651149336865111,0.0011184081066266253,0.2246738688978347,0.06963311323722687
2019-12-04,0.00012753309217670563,0.0012645967735663,0.0083885061706709,0.01893675341518861,-0.039176468015110114,-0.25672642751584024,-0.0071239093971045995,0.21754995950073014,0.06844143786278782
2019-12-05,7.770458006751594e-05,0.0008138416782387003,0.005270032783897,0.019014457995256126,-0.03836262633687142,-0.25145639473194326,-0.0044561911056583,0.21309376839507183,0.06837366852207243
2019-12-06,6.237472816210462e-05,0.00036146943176428346,7.037958078877636e-05,0.01907683272341823,-0.038001156905107136,-0.2513860151511545,0.0002910898509755071,0.21338485824604736,0.06768761246357437
2019-12-09,-0.00025068675999019287,0.0003971275447900098,0.0015704567154547,0.018826145963428038,-0.03760402936031713,-0.2498155584356998,-0.0011733291706646901,0.21221152907538268,0.06775842788364461
2019-12-10,-1.6286625962141017e-05,-0.0003211156430113683,0.000162882249033,0.018809859337465897,-0.0379251450033285,-0.2496526761866668,-0.0004839978920443683,0.2117275311833383,0.06844220693096513
2019-12-11,-9.581455325413485e-05,-0.0003851118922341733,-0.0023316226983488,0.01871404478421176,-0.038310256895562673,-0.2519842988850156,0.0019465108061146267,0.21367404198945295,0.06991800448809768
2019-12-12,0.000276776388905042,0.001518560442278594,0.016691756377315,0.018990821173116804,-0.03679169645328408,-0.2352925425077006,-0.015173195935036406,0.1985008460544165,0.06961884156489809
2019-12-13,6.701465657601016e-05,0.0019103659459256558,0.0081030303960373,0.019057835829692813,-0.03488133050735843,-0.2271895121116633,-0.006192664450111645,0.19230818160430488,0.06913582237977445
2019-12-16,-4.33917079237608e-05,0.0014257400337608867,0.01244994985073,0.01901444412176905,-0.03345559047359754,-0.2147395622609333,-0.011024209816969114,0.18128397178733574,0.07045830159956204
2019-12-17,-0.00015456494869091743,0.0001101471280131191,-0.0010819306794697,0.018859879173078135,-0.033345443345584425,-0.215821492940403,0.001192077807482819,0.18247604959481858,0.0679722466807387
2019-12-18,1.1211095529015818e-05,0.0006743630396179103,0.0008162748866563,0.01887109026860715,-0.032671080305966514,-0.2150052180537467,-0.00014191184703838972,0.18233413774778018,0.0666485977622458
2019-12-19,0.00010442516240430938,-0.0010731061406846335,-0.005296488944981,0.01897551543101146,-0.03374418644665115,-0.2203017069987277,0.004223382804296367,0.18655752055207656,0.06802860426452605
2019-12-20,0.00022378538332786495,-0.0024367142542965287,-0.0161841024061907,0.019199300814339328,-0.03618090070094768,-0.2364858094049184,0.013747388151894174,0.20030490870397072,0.06921681745829655
2019-12-23,-8.005096232606861e-05,0.0017274682102728545,0.0088647141414445,0.01911924985201326,-0.03445343249067482,-0.2276210952634739,-0.007137245931171645,0.1931676627727991,0.0679849080980754
2019-12-24,-0.0001780912321152231,0.00031290039990714577,0.0011317226346504,0.018941158619898035,-0.03414053209076767,-0.22648937262882352,-0.0008188222347432543,0.19234884053805584,0.07063786037090063
2019-12-25,-0.0001926238493665932,0.0009753787452610669,0.0078961686844507,0.01874853477053144,-0.033165153345506605,-0.21859320394437282,-0.006920789939189632,0.18542805059886622,0.0686683429853292
2019-12-26,0.0003147215684374429,-0.0005638900178101125,-0.0029584728227726,0.019063256338968885,-0.03372904336331672,-0.2215516767671454,0.0023945828049624874,0.18782263340382868,0.06893210987295662
2019-12-27,0.00036320655296048673,0.0007920711073892226,0.0107264979851306,0.019426462891929373,-0.032936972255927496,-0.21082517878201482,-0.009934426877741378,0.17788820652608733,0.07025850275605994
2019-12-30,5.463286520532433e-05,0.0006245631286710032,0.0037023879040898,0.019481095757134696,-0.03231240912725649,-0.207122790877925,-0.0030778247754187967,0.17481038175066851,0.07169280168110567
2019-12-31,-9.283449269916502e-06,0.002057359250042717,0.0141089223778344,0.01947181230786478,-0.030255049877213773,-0.1930138685000906,-0.012051563127791683,0.16275881862287683,0.06916768001429471
2020-01-02,7.18838870444617e-05,0.0005267717103020869,0.0005281169580906,0.01954369619490924,-0.029728278166911686,-0.192485751542,-1.3452477885131592e-06,0.16275747337508834,0.06826364674259115
2020-01-03,-0.0001179428022546915,0.0006794779930923788,0.0008530390358916,0.019425753392654548,-0.029048800173819306,-0.19163271250610842,-0.00017356104279922123,0.1625839123322891,0.0689288829811361
2020-01-06,0.0004229073633933995,0.001576605835564284,0.008604261163525,0.019848660756047947,-0.027472194338255023,-0.18302845134258341,-0.007027655327960715,0.1555562570043284,0.06925525159793527
2020-01-07,-0.00020991441473534663,-0.0016269540425299831,-0.0127284533793475,0.019638746341312602,-0.029099148380785006,-0.1957569047219309,0.011101499336817517,0.1666577563411459,0.06957046289236768
2020-01-08,0.00028183398939693525,0.0017333911446761594,0.0115453480801819,0.019920580330709536,-0.027365757236108845,-0.184211556641749,-0.00981195693550574,0.15684579940564017,0.06705063348316807
2020-01-09,0.0003694069025412274,-0.00022097472428728138,-0.001201646950036,0.020289987233250765,-0.027586731960396127,-0.185413203591785,0.0009806722257487185,0.15782647163138888,0.07002085287373246
2020-01-10,4.3630085748225953e-07,0.0010641947534560348,0.009672831734877,0.020290423534108246,-0.026522537206940092,-0.175740371856908,-0.008608636981420965,0.1492178346499679,0.0712241490264439
2020-01-13,0.00015861676889926017,6.687281313426293e-05,-0.0027524131272164,0.020449040303007506,-0.02645566439380583,-0.1784927849841244,0.002819285940350663,0.15203712059031857,0.06973845835482533
2020-01-14,3.320189358542108e-05,-0.00043793994063114425,-0.0045419134662777,0.020482242196592927,-0.026893604334436973,-0.1830346984504021,0.004103973525646556,0.15614109411596513,0.0696905651521981
2020-01-15,0.0001207857982175444,-0.00042059240848205717,-0.0040321188228656,0.020603027994810473,-0.02731419674291903,-0.1870668172732677,0.0036115264143835426,0.15975262053034867,0.06849538972961243
2020-01-16,-0.0001447063093836341,-0.0005284316517570482,-0.0008735779147625,0.02045832168542684,-0.027842628394676078,-0.1879403951880302,0.0003451462630054518,0.16009776679335413,0.0732238175508032
2020-01-17,-3.4287016163072293e-06,0.00102383544309746,0.0088877801631541,0.020454892983810532,-0.02681879295157862,-0.17905261502487613,-0.007863944720056639,0.1522338220732975,0.0687610495923002
2020-01-20,0.0001225918802862631,-0.001305147851597766,-0.0140681450135861,0.020577484864096794,-0.028123940803176387,-0.19312076003846224,0.012762997161988334,0.16499681923528586,0.06920875048190667
2020-01-21,-0.0002311421207350604,-0.00016159147247291785,0.0042237011755403,0.020346342743361733,-0.028285532275649304,-0.18889705886292193,-0.004385292648013218,0.16061152658727262,0.06998292904401683
2020-01-22,-0.000264202248871534,-0.004117079727994552,-0.0303530414876742,0.0200821404944902,-0.03240261200364385,-0.21925010035059614,0.026235961759679648,0.18684748834695228,0.06907849716410233
2020-01-23,-0.0006927801997278349,-0.01069850218122306,-0.0839558783078966,0.019389360294762365,-0.04310111418486691,-0.30320597865849275,0.07325737612667353,0.26010486447362585,0.06885926235895086
2020-02-03,-0.0005155269765554897,-0.0007335153389436692,0.0159934800058524,0.018873833318206877,-0.04383462952381058,-0.28721249865264037,-0.016726995344796068,0.2433778691288298,0.06904546901858484
2020-02-04,-0.0003477575783760731,0.0028135203924673407,0.0160983575078041,0.018526075739830804,-0.041021109131343235,-0.2711141411448363,-0.013284837115336762,0.23009303201349304,0.068480410670595
2020-02-05,-0.0001952641449071888,0.0029142461318434816,0.0204170640748076,0.018330811594923616,-0.03810686299949975,-0.2506970770700287,-0.017502817942964117,0.21259021407052894,0.07037590597678092
2020-02-06,-2.5843910234700055e-05,0.0012539859465606083,0.0024705892104518,0.018304967684688915,-0.036852877052939145,-0.2482264878595769,-0.0012166032638911918,0.21137361080663775,0.07151550954262956
2020-02-07,1.3210322362144398e-05,0.0017752408985529007,0.0069441085832506,0.01831817800705106,-0.03507763615438624,-0.24128237927632631,-0.005168867684697699,0.20620474312194007,0.06991948606266002
2020-02-10,0.0006553923318652288,-0.0003454347021440833,0.0028346658585614,0.018973570338916286,-0.03542307085653033,-0.2384477134177649,-0.0031801005607054833,0.2030246425612346,0.06859987152929119
2020-02-11,-0.00027808732280288094,0.0017295704364710357,0.010742225376879,0.018695483016113405,-0.033693500420059294,-0.22770548804088592,-0.009012654940407963,0.1940119876208266,0.07056201729037478
2020-02-12,-0.00019088369232068644,-0.0013744958065475424,-0.0076362976080673,0.01850459932379272,-0.035067996226606835,-0.23534178564895322,0.006261801801519758,0.2002737894223464,0.06961299737441112
2020-02-13,6.228650258626642e-05,0.00014432484344927864,0.0040491099584296,0.018566885826378984,-0.03492367138315756,-0.2312926756905236,-0.0039047851149803213,0.19636900430736606,0.0703652950367641
2020-02-14,0.00019479757040445343,0.004077348887701698,0.0255971865209158,0.018761683396783437,-0.03084632249545586,-0.2056954891696078,-0.021519837633214103,0.17484916667415196,0.06853142568842417
2020-02-17,0.00022028249861323574,0.0021365900716788064,0.0032635524603278,0.018981965895396673,-0.028709732423777053,-0.20243193670928,-0.0011269623886489936,0.17372220428550295,0.06956461223101802
2020-02-18,0.0004327723263534615,-0.0005708385220562895,-0.0039196365553527,0.019414738221750136,-0.029280570945833344,-0.20635157326463271,0.003348798033296411,0.17707100231879938,0.07008800496545291
2020-02-19,3.0394514162874224e-05,0.0023026670814555636,0.0189919389258269,0.01944513273591301,-0.026977903864377782,-0.1873596343388058,-0.01668927184437134,0.16038173047442802,0.07129411610736018
2020-02-20,-5.082394717147442e-05,0.0013004791313684526,0.0058669525660862,0.019394308788741536,-0.02567742473300933,-0.1814926817727196,-0.004566473434717748,0.15581525703971028,0.07186186303164359
2020-02-21,-0.0003309979578728259,0.001447070454731453,0.0027883306733683,0.01906331083086871,-0.02423035427827788,-0.1787043510993513,-0.0013412602186368468,0.1544739968210734,0.0689985623489097
2020-02-24,-0.0003440238544199699,-0.0004076610631051718,-0.0020408841747316,0.01871928697644874,-0.02463801534138305,-0.1807452352740829,0.0016332231116264282,0.15610721993269985,0.07086470208749521
2020-02-25,0.00020216599440393224,-0.0018498278836881297,-0.0161072019505644,0.01892145297085267,-0.02648784322507118,-0.1968524372246473,0.01425737406687627,0.1703645939995761,0.07017372120843775
2020-02-26,0.0008185659839639337,0.000670973927811024,0.0012654558024666,0.019740018954816606,-0.025816869297260157,-0.1955869814221807,-0.000594481874655576,0.16977011212492055,0.06845112747537321
2020-02-27,0.0003126184619251869,-0.00671278105465289,-0.042878230349035,0.020052637416741792,-0.03252965035191305,-0.2384652117712157,0.03616544929438211,0.20593556141930267,0.06935553845877167
2020-02-28,-0.0005080175847553481,0.0046827413832743305,0.0326540196864701,0.019544619831986444,-0.027846908968638718,-0.2058111920847456,-0.027971278303195773,0.17796428311610688,0.06972090437197534
2020-03-02,0.00021937122422658486,0.001523181498590196,0.0079341283746392,0.01976399105621303,-0.026323727470048523,-0.1978770637101064,-0.006410946876049004,0.1715533362400579,0.06840821046340649
2020-03-03,-9.103709140243456e-05,0.0008847333969028715,0.0046872456591321,0.019672953964810596,-0.025438994073145652,-0.19318981805097432,-0.0038025122622292284,0.16775082397782867,0.06844786724724088
2020-03-04,0.00022870466248582744,0.0022112107287335673,0.0183925052447381,0.019901658627296422,-0.023227783344412084,-0.17479731280623623,-0.016181294516004533,0.15156952946182414,0.07057844116143548
2020-03-05,0.0002116628413621834,-6.158975734952027e-05,-0.0106966966451653,0.020113321468658605,-0.023289373101761605,-0.18549400945140151,0.01063510688781578,0.1622046363496399,0.06834521490057019
2020-03-06,-0.0003638903122246529,-0.003964579942676882,-0.0338423358937558,0.01974943115643395,-0.027253953044438485,-0.2193363453451573,0.029877755951078916,0.19208239230071883,0.07028537250912535
2020-03-09,0.0004068026695564844,0.002537424331829662,0.0197244308219401,0.020156233825990435,-0.024716528712608824,-0.1996119145232172,-0.01718700649011044,0.17489538581060837,0.06998566627903251
2020-03-10,-0.0002797079768793211,-0.0012892010093209895,-0.0121267082218645,0.019876525849111114,-0.026005729721929813,-0.2117386227450817,0.01083750721254351,0.18573289302315188,0.0709693044871357
2020-03-11,-0.0004772868272575108,-0.002572051404248807,-0.0183227391261787,0.019399239021853604,-0.02857778112617862,-0.23006136187126042,0.015750687721929894,0.2014835807450818,0.07262909219185555
2020-03-12,4.349815671297229e-05,-0.0014916803306512963,-0.0124470998769432,0.019442737178566576,-0.030069461456829916,-0.24250846174820362,0.010955419546291903,0.2124390002913737,0.06998267641763593
2020-03-13,-0.0001835166398156414,-0.004792821814033385,-0.0402289446853721,0.019259220538750933,-0.0348622832708633,-0.2827374064335757,0.03543612287133872,0.2478751231627124,0.06987680602268626
2020-03-16,-0.00010101983969977292,-0.000511223491863152,-0.0039700251080639,0.01915820069905116,-0.03537350676272645,-0.2867074315416396,0.003458801616200748,0.25133392477891314,0.07004042006967696
2020-03-17,-3.820496127069001e-05,-0.0018977463739270682,-0.0177431000208123,0.01911999573778047,-0.03727125313665352,-0.3044505315624519,0.015845353646885232,0.26717927842579836,0.06948545619782144
2020-03-18,-0.000205477388852528,0.0006127969725638654,-0.0066889039237193,0.01891451834892794,-0.03665845616408965,-0.3111394354861712,0.007301700896283165,0.27448097932208154,0.07103968059110717
2020-03-19,-3.710450328796856e-05,0.0016825757957250576,0.014853480264456,0.01887741384563997,-0.03497588036836459,-0.2962859552217152,-0.013170904468730942,0.2613100748533506,0.06955093939638791
2020-03-20,0.0001612573042995887,-0.004456955545613233,-0.0361721857778314,0.019038671149939557,-0.03943283591397782,-0.33245814099954657,0.031715230232218165,0.29302530508556873,0.0697904361396925
2020-03-23,-5.811949601367552e-05,0.00212798565634471,0.0228684121432588,0.01898055165392588,-0.03730485025763311,-0.30958972885628777,-0.020740426486914088,0.2722848785986547,0.07098299261014009
2020-03-24,0.000509713197750768,0.0029834964527530156,0.0237322544956723,0.01949026485167665,-0.03432135380488009,-0.2858574743606155,-0.020748758042919285,0.2515361205557354,0.06709705595051071
2020-03-25,-0.00010890664472752411,-0.0013371085030728402,-0.0067522252258938,0.019381358206949126,-0.03565846230795293,-0.2926096995865093,0.0054151167228209595,0.25695123727855634,0.07093690327117438
2020-03-26,0.0001045237753527291,-0.0004733609245427469,1.0218537799160396e-07,0.019485881982301854,-0.036131823232495676,-0.2926095974011313,-0.0004734631099207385,0.2564777741686356,0.0696256595654535
2020-03-27,-0.00037042352893364,-0.0029111273360997287,-0.0133877613633994,0.019115458453368213,-0.03904295056859541,-0.3059973587645307,0.010476634027299671,0.2669544081959353,0.0698922829258635
2020-03-30,8.852274199883358e-05,0.0001253766006525613,0.0013719347824401,0.019203981195367047,-0.03891757396794285,-0.30462542398209064,-0.0012465581817875386,0.26570785001414776,0.07122946946377474
2020-03-31,0.00033094419298002135,-0.000654783592435296,-0.0047342997377456,0.019534925388347068,-0.03957235756037814,-0.3093597237198362,0.004079516145310304,0.2697873661594581,0.07116557593548453
2020-04-01,0.0005467094048376358,0.0025446222765596505,0.0181788253505769,0.020081634793184703,-0.03702773528381849,-0.2911808983692593,-0.01563420307401725,0.25415316308544084,0.06921710428775094
2020-04-02,9.794895562798478e-05,-0.0005151611539362604,-0.0057986250850124,0.020179583748812686,-0.03754289643775475,-0.2969795234542717,0.005283463931076139,0.25943662701651693,0.07101989175031774
2020-04-03,-0.00020051585522173562,0.0036960850586186594,0.023881049438286,0.01997906789359095,-0.03384681137913609,-0.2730984740159857,-0.02018496437966734,0.2392516626368496,0.06992070321048652
2020-04-07,1.5125298912237918e-05,0.00043538468096874475,-0.0024812230972173,0.019994193192503187,-0.033411426698167344,-0.275579697113203,0.002916607778186045,0.24216827041503566,0.06769354701272023
2020-04-08,0.0001781112117893023,0.001157054471934968,0.0052466878705998,0.02017230440429249,-0.032254372226232376,-0.27033300924260323,-0.004089633398664832,0.23807863701637086,0.07221515196938648
2020-04-09,0.00026299515321888704,-0.0027718998119387397,-0.0134743440265424,0.020435299557511378,-0.035026272038171116,-0.28380735326914563,0.01070244421460366,0.24878108123097453,0.07065832636479964
2020-04-10,-9.820481342331102e-05,-0.0010531611828590434,-0.0061779523012691,0.020337094744088065,-0.03607943322103016,-0.28998530557041474,0.005124791118410057,0.25390587234938455,0.07070688411694118
2020-04-13,0.0004509112717954379,0.0023405238122525523,0.0177158399200975,0.020788006015883504,-0.033738909408777606,-0.27226946565031723,-0.015375316107844946,0.23853055624153963,0.0708688327070491
2020-04-14,0.00018344903285113238,-0.0006747435405425479,-0.005543502951199,0.020971455048734638,-0.03441365294932015,-0.2778129686015162,0.004868759410656453,0.24339931565219608,0.0715363422329284
2020-04-15,0.00022500646473274988,0.0005137884191995083,0.0034079593155521,0.021196461513467386,-0.033899864530120644,-0.2744050092859641,-0.0028941708963525917,0.24050514475584348,0.07181227764155966
2020-04-16,0.0005126288987380279,0.00013695774003801722,0.0053984703634555,0.021709090412205416,-0.03376290679008263,-0.26900653892250864,-0.005261512623417483,0.23524363213242602,0.07065331112609306
2020-04-17,-0.00018898273097926697,0.001332931386519439,0.0064635519200679,0.02152010768122615,-0.03242997540356319,-0.2625429870024407,-0.005130620533548461,0.23011301159887754,0.07222078517313363
2020-04-20,0.00011274619875761331,-0.000574285231556897,-0.0090994553758659,0.021632853879983763,-0.03300426063512009,-0.2716424423783066,0.008525170144309003,0.23863818174318652,0.07058792387803114
2020-04-21,4.61914492758801e-05,0.0010420235679195172,0.0070704598178536,0.021679045329259645,-0.03196223706720057,-0.264571982560453,-0.006028436249934083,0.23260974549325242,0.06812566383531439
2020-04-22,-0.0001338952058880521,-0.00044795689437430265,-0.0034633701977576,0.021545150123371593,-0.03241019396157487,-0.2680353527582106,0.0030154133033832974,0.23562515879663573,0.06945003536053353
2020-04-23,0.0003728588395619034,-0.0019719171096318653,-0.0122148355639546,0.021918008962933496,-0.034382111071206735,-0.2802501883221652,0.010242918454322736,0.24586807725095847,0.07021674309242333
2020-04-24,0.0003497266305668813,-0.0007884606317023124,0.0015690421279923,0.022267735593500378,-0.03517057170290905,-0.2786811461941729,-0.0023575027596946124,0.24351057449126384,0.06699856230512846
2020-04-27,0.00029132775062662517,-0.0025158352702867527,-0.0021140433970566,0.022559063344127002,-0.0376864069731958,-0.2807951895912295,-0.00040179187323015255,0.2431087826180337,0.06994494053255601
2020-04-28,0.00035093268265124096,-7.307980527093486e-05,0.002491824796535,0.02290999602677824,-0.03775948677846674,-0.27830336479469453,-0.0025649046018059347,0.24054387801622779,0.07006141786133437
2020-04-29,0.0004412865655995841,0.0025030591648931115,0.0135705587200531,0.023351282592377825,-0.03525642761357363,-0.26473280607464145,-0.011067499555159989,0.22947637846106783,0.06620853910687652
2020-04-30,0.00011647312765440082,0.0018409272685099998,0.0085589324224699,0.023467755720032225,-0.03341550034506363,-0.25617387365217154,-0.0067180051539598995,0.2227583733071079,0.07096771957452185
2020-05-06,0.000238504766077071,-0.00019067347617680294,-0.0024282335307417,0.023706260486109295,-0.03360617382124043,-0.2586021071829132,0.002237560054564897,0.22499593336167278,0.0666573413358264
2020-05-07,5.01420949144773e-05,0.0011776212301480996,0.0096067759488172,0.023756402581023774,-0.032428552591092334,-0.248995331234096,-0.008429154718669101,0.21656677864300367,0.06898765833132514
2020-05-08,3.564127086272505e-05,2.4030574507456482e-05,-0.0008699509326946,0.023792043851886498,-0.03240452201658488,-0.2498652821667906,0.0008939815072020565,0.2174607601502057,0.06659022066519496
2020-05-11,3.424949758186345e-05,-0.00011334527636376696,-4.566821453865287e-05,0.023826293349468362,-0.03251786729294864,-0.24991095038132927,-6.767706182511409e-05,0.21739308308838062,0.06641247577633953
2020-05-12,6.621802215080542e-05,0.0006266506194204124,0.003258976791462,0.023892511371619168,-0.03189121667352823,-0.24665197358986726,-0.0026323261720415875,0.21476075691633903,0.06825644194944377
2020-05-13,5.9628707528196633e-05,-0.0009431954171648141,-0.0100008595924806,0.023952140079147366,-0.03283441209069305,-0.2566528331823479,0.009057664175315786,0.22381842109165484,0.06864822879207581
2020-05-14,-0.00029255880278581645,0.00011611554791275925,8.691489085119892e-05,0.02365958127636155,-0.032718296542780294,-0.25656591829149666,2.920065706156033e-05,0.22384762174871636,0.07049468657911337
2020-05-15,0.0005201901814783137,-0.00010760015207075082,-0.0005423291250112,0.024179771457839866,-0.032825896694851045,-0.25710824741650784,0.0004347289729404492,0.2242823507216568,0.07136040986734914
2020-05-18,-0.000385757441059386,0.0010661378306349482,0.0094467684863002,0.02379401401678048,-0.031759758864216094,-0.24766147893020765,-0.008380630655665251,0.21590172006599156,0.06984507266674582
2020-05-19,0.0003665613263254902,-0.0008092046206417312,-0.0068560211777389,0.024160575343105967,-0.03256896348485783,-0.25451750010794655,0.006046816557097169,0.22194853662308872,0.0703665831001236
2020-05-20,-0.000199894184941225,-0.0011461305264942375,-0.0071875798934186,0.023960681158164743,-0.033715094011352066,-0.26170508000136516,0.006041449366924362,0.2279899859900131,0.06986143817822496
2020-05-21,-0.00010494038282817443,-0.0018820598378116132,-0.0201658582114483,0.02385574077533657,-0.035597153849163676,-0.28187093821281345,0.018283798373636688,0.24627378436364977,0.07105603049114394
2020-05-22,0.00021263032963648985,-8.354860793862766e-05,0.0001333874940177,0.02406837110497306,-0.0356807024571023,-0.28173755071879575,-0.00021693610195632764,0.24605684826169344,0.06892984780891506
2020-05-25,0.0004136998724543565,0.0024415367742791354,0.0139627606488795,0.024482070977427415,-0.03323916568282317,-0.2677747900699162,-0.011521223874600365,0.23453562438709305,0.06870811029120064
2020-05-26,-0.00010380344119760664,-0.00030876346526741583,-0.0055514475072795,0.02437826753622981,-0.033547929148090586,-0.2733262375771957,0.005242684042012084,0.23977830842910514,0.0683728925785413
2020-05-27,0.0004285024635899456,-0.00013915493360352286,0.0009344688187977,0.024806769999819754,-0.03368708408169411,-0.272391768758398,-0.0010736237524012228,0.2387046846767039,0.07074309030620721
2020-05-28,-0.00012813411757528668,0.0007079485250172607,0.0037428728461228,0.024678635882244466,-0.03297913555667685,-0.2686488959122752,-0.0030349243211055393,0.23566976035559833,0.06933689728587061
2020-05-29,0.00011431790396367918,0.0031902399431649932,0.0249387751073335,0.024792953786208147,-0.029788895613511855,-0.2437101208049417,-0.021748535164168505,0.21392122519142984,0.06899769237696315
2020-06-01,-0.00039813326680031795,0.0003619872005644395,0.0015383290245091,0.02439482051940783,-0.029426908412947414,-0.2421717917804326,-0.0011763418239446606,0.2127448833674852,0.0706580983940681
2020-06-02,-0.00010564384451978049,7.572671307732404e-05,0.0004080395253509,0.02428917667488805,-0.02935118169987009,-0.2417637522550817,-0.00033231281227357596,0.21241257055521162,0.06654571788844087
2020-06-03,-0.00010226561761134508,0.00031849735995778195,-0.0024726078448142,0.024186911057276706,-0.029032684339912306,-0.2442363600998959,0.002791105204771982,0.21520367575998361,0.06838619325133896
2020-06-04,0.000524409788600627,1.6619776613656697e-06,0.0028816830760984,0.024711320845877332,-0.02903102236225094,-0.2413546770237975,-0.0028800210984370345,0.21232365466154657,0.07174279910506604
2020-06-05,0.00016858467297194726,-0.0002025119509366755,0.0013330024270189,0.02487990551884928,-0.029233534313187617,-0.24002167459677862,-0.0015355143779555757,0.210788140283591,0.06786181720996752
2020-06-08,0.000250521706371427,0.0005271733787822205,0.0044838593004826,0.025130427225220707,-0.028706360934405397,-0.23553781529629603,-0.00395668592170038,0.20683145436189063,0.07114134877155848
2020-06-09,-6.016993404092898e-05,-0.00029196188139515855,-0.0010254715430503,0.025070257291179777,-0.028998322815800556,-0.23656328683934633,0.0007335096616551415,0.20756496402354577,0.06998975767309129
2020-06-10,8.15769477895009e-05,-0.0004144304204382514,-0.0073178375061998,0.025151834238969276,-0.029412753236238806,-0.24388112434554612,0.006903407085761548,0.21446837110930733,0.07013903578539162
2020-06-11,-0.00013913132747953686,-1.9752467802038378e-05,0.0003715317452956,0.02501270291148974,-0.029432505704040844,-0.2435095926002505,-0.0003912842130976384,0.21407708689620966,0.07041368893400629
2020-06-12,-9.436574043710332e-05,5.832269714694775e-05,-0.0071603239099464,0.024918337171052636,-0.029374183006893897,-0.25066991651019693,0.007218646607093347,0.22129573350330303,0.06770797386630213
2020-06-15,0.00021914784994585994,0.0018254173928900278,0.0151095376815319,0.025137485020998496,-0.027548765614003868,-0.23556037882866504,-0.013284120288641873,0.20801161321466116,0.06758148992998499
2020-06-16,-0.0002333769335883991,0.0003103839923426571,0.0003703599592386,0.024904108087410098,-0.02723838162166121,-0.23519001886942645,-5.99759668959429e-05,0.20795163724776525,0.06794690727247062
2020-06-17,0.0004001508954636621,4.595912964149425e-06,0.0017561534153602,0.02530425898287376,-0.027233785708697063,-0.23343386545406625,-0.0017515575023960507,0.2062000797453692,0.067181660107109
2020-06-18,0.00045559891138773317,0.0007554817906740432,0.0102265402392913,0.025759857894261495,-0.02647830391802302,-0.22320732521477496,-0.009471058448617257,0.19672902129675193,0.06809368740208502
2020-06-19,0.00022953705442718954,0.00025241044204529734,0.0004032426524724,0.025989394948688686,-0.026225893475977723,-0.22280408256230255,-0.00015083221042710266,0.19657818908632482,0.06953840551486896
2020-06-22,0.0002516111853735939,-5.773966172548457e-05,0.0026409936405696,0.02624100613406228,-0.026283633137703207,-0.22016308892173295,-0.0026987333022950844,0.19387945578402974,0.06801244627551874
2020-06-23,-0.00018136381158509227,-0.00043954565086071586,0.0027269231976254,0.026059642322477188,-0.026723178788563923,-0.21743616572410754,-0.003166468848486116,0.19071298693554362,0.0689077181781253
2020-06-24,-4.1382331801417685e-05,-0.000579692145956865,-0.005750050956975,0.02601825999067577,-0.027302870934520787,-0.22318621668108254,0.0051703588110181345,0.19588334574656174,0.06993892493233568
2020-06-29,0.00012482098121170047,0.0017468620453895732,0.0132322477846155,0.02614308097188747,-0.025556008889131215,-0.20995396889646706,-0.011485385739225928,0.18439796000733585,0.06946986960092974
2020-06-30,0.0005282226089326173,0.0007602239593014987,0.0113858981107979,0.026671303580820087,-0.024795784929829714,-0.19856807078566915,-0.010625674151496402,0.17377228585583943,0.06981619856146758
2020-07-01,-1.315988316158917e-05,0.0015113619500248773,0.0179153673968349,0.0266581436976585,-0.023284422979804837,-0.18065270338883427,-0.016404005446810022,0.15736828040902942,0.0686317015427814
2020-07-02,0.0003417976889995141,0.0013956495234299924,0.017579822388895,0.026999941386658014,-0.021888773456374844,-0.16307288099993927,-0.01618417286546501,0.14118410754356442,0.06700770388721827
2020-07-03,-0.00022176295389266133,0.004149844729563192,0.0502556514778384,0.026778178432765355,-0.017738928726811654,-0.11281722952210088,-0.046105806748275205,0.09507830079528923,0.06503468077213181
2020-07-06,0.0005940362679677784,0.0013781229113576411,0.0075100856875547,0.027372214700733134,-0.016360805815454012,-0.10530714383454617,-0.006131962776197059,0.08894633801909216,0.06696557076344353
2020-07-07,-0.0009471468271395313,0.002158573896296362,0.016917734833174,0.026425067873593604,-0.01420223191915765,-0.08838940900137218,-0.014759160936877637,0.07418717708221453,0.06885178057356484
2020-07-08,2.889795933754848e-06,0.003077216860911775,0.0165436605978606,0.02642795766952736,-0.011125015058245875,-0.07184574840351159,-0.013466443736948825,0.06072073334526571,0.06633753163347798
2020-07-09,0.0004972824008736361,-0.0007609705293962662,-0.0141846510012592,0.026925240070400994,-0.011885985587642141,-0.08603039940477078,0.013423680471862934,0.07414441381712863,0.0688245947974555
2020-07-10,4.0616202855861055e-05,0.003873608308159021,0.0231003569870455,0.026965856273256854,-0.00801237727948312,-0.06293004241772528,-0.01922674867888648,0.05491766513824216,0.06855265548644239
2020-07-13,0.0002100221289609701,-0.0006019056550616347,-0.0094116339466495,0.027175878402217826,-0.008614282934544755,-0.07234167636437477,0.008809728291587864,0.06372739342983003,0.06772608656950832
2020-07-14,0.0002718819829021884,-0.002914022356555475,-0.0176028663557813,0.027447760385120014,-0.01152830529110023,-0.08994454272015608,0.014688843999225824,0.07841623742905585,0.06911483423777422
2020-07-15,-0.0005007567146465611,-0.005547136959522219,-0.0473889669179266,0.02694700367047345,-0.01707544225062245,-0.13733350963808266,0.04184182995840438,0.12025806738746021,0.07007796391300845
2020-07-16,0.0003614026776611594,0.00021467224983760393,0.0033779953353041,0.027308406348134612,-0.016860770000784845,-0.13395551430277855,-0.003163323085466496,0.11709474430199371,0.07202687205632505
2020-07-17,0.00020064860302538792,0.004041466781411879,0.0292532067238604,0.02750905495116,-0.012819303219372965,-0.10470230757891816,-0.02521173994244852,0.09188300435954519,0.07148735463553751
2020-07-20,0.000620923911047425,0.0008567746524645826,0.002877312558369,0.028129978862207423,-0.011962528566908381,-0.10182499502054916,-0.0020205379059044172,0.08986246645364078,0.07141589467036444
2020-07-21,0.0005125357952873239,0.000844123123518646,0.0051504130718668,0.028642514657494747,-0.011118405443389736,-0.09667458194868236,-0.004306289948348154,0.08555617650529262,0.0689876288781622
2020-07-22,-5.9607885200801474e-05,-0.0003237069325047007,-0.0021116783546214,0.028582906772293946,-0.011442112375894436,-0.09878626030330376,0.0017879714221166994,0.08734414792740933,0.07023814553088994
2020-07-23,-0.0005042008802077276,-0.00516653447915698,-0.0436565550814571,0.02807870589208622,-0.016608646855051416,-0.14244281538476086,0.03849002060230012,0.12583416852970944,0.06785323631305437
2020-07-24,-0.0005108789909372187,-0.00019547863426419047,0.0019737060522999,0.027567826901149003,-0.01680412548931561,-0.14046910933246096,-0.0021691846865640905,0.12366498384314535,0.06739093930833108
2020-07-27,0.0003533234818561886,0.0015284596791891095,0.0090677846915971,0.027921150383005192,-0.0152756658101265,-0.13140132464086385,-0.00753932501240799,0.11612565883073735,0.07027447635678555
2020-07-28,0.0003025544865219025,0.002945305630116377,0.0229610346545453,0.028223704869527095,-0.012330360180010123,-0.10844028998631855,-0.020015729024428924,0.09610992980630842,0.06881090731828446
2020-07-29,4.2983958421784866e-05,-5.441238208869122e-05,-0.0039757990384659,0.02826668882794888,-0.012384772562098814,-0.11241608902478445,0.0039213866563772085,0.10003131646268563,0.06828337228313384
2020-07-30,-6.878362931208829e-05,0.0012896519299284317,0.0086299385402328,0.028197905198636793,-0.011095120632170382,-0.10378615048455164,-0.0073402866103043675,0.09269102985238126,0.068722897709672
2020-07-31,-6.0160104893310976e-05,0.00305379819056382,0.0191081873751593,0.028137745093743484,-0.008041322441606562,-0.08467796310939234,-0.01605438918459548,0.07663664066778578,0.0671596854007711
2020-08-03,-3.449245328554349e-05,-0.0006308549262578257,-0.0006993424349202,0.02810325264045794,-0.008672177367864388,-0.08537730554431254,6.848750866237437e-05,0.07670512817644815,0.06893946629005396
2020-08-04,1.2001225114256416e-05,0.0010429461202921158,0.0030941549579067,0.028115253865572194,-0.007629231247572272,-0.08228315058640584,-0.002051208837614584,0.07465391933883357,0.06458884356139136
2020-08-05,0.00010242464590686796,-0.000184661057490365,-0.0011282237137211,0.02821767851147906,-0.007813892305062638,-0.08341137430012693,0.000943562656230735,0.0755974819950643,0.06684429196036765
2020-08-06,-8.423023425499335e-06,-0.0015052519365818453,-0.0114527499179291,0.028209255488053562,-0.009319144241644484,-0.09486412421805604,0.009947497981347255,0.08554497997641156,0.06948458836307018
2020-08-07,1.6792810541234944e-05,0.0009135643159233971,0.0052981552650361,0.0282260482985948,-0.008405579925721086,-0.08956596895301994,-0.004384590949112703,0.08116038902729886,0.07036733149932023
2020-08-10,0.0003621416658138328,-0.002075618945894662,-0.0128639834469926,0.028588189964408633,-0.010481198871615749,-0.10242995240001254,0.010788364501097937,0.09194875352839679,0.06735691522644693
2020-08-11,-0.00033080462045045157,-0.001135132965345027,-0.0084572104848865,0.02825738534395818,-0.011616331836960776,-0.11088716288489904,0.007322077519541474,0.09927083104793827,0.06555528280698218
2020-08-12,0.00020220463149385955,0.0007132938699117834,-3.1433639010188624e-05,0.02845958997545204,-0.010903037967048992,-0.11091859652390923,0.000744727508921972,0.10001555855686024,0.06950178067639717
2020-08-13,0.0009805265228826172,0.0013732677327410576,0.0121758014974647,0.029440116498334657,-0.009529770234307934,-0.09874279502644454,-0.010802533764723642,0.08921302479213661,0.07305757840124255
2020-08-14,0.00021324237159167287,0.002296752349814821,0.0217238937517613,0.02965335886992633,-0.007233017884493113,-0.07701890127468324,-0.019427141401946478,0.06978588339019012,0.06982019691309893
2020-08-17,0.0002982428182365679,0.0010831694595209195,0.0031877246635001,0.0299516016881629,-0.006149848424972193,-0.07383117661118313,-0.002104555203979181,0.06768132818621093,0.06783602551652101
2020-08-18,-0.000121619060355889,-0.0017008228429668281,-0.0156012564927147,0.02982998262780701,-0.007850671267939022,-0.08943243310389783,0.013900433649747872,0.0815817618359588,0.06647119107613961
2020-08-19,-0.00010111207871354518,-0.0013680935403425128,-0.0132436393622217,0.029728870549093463,-0.009218764808281535,-0.10267607246611953,0.011875545821879187,0.093457307657838,0.06927766968936526
2020-08-20,0.0002704879471409758,0.0008974690320137648,0.0072124342468663,0.02999935849623444,-0.00832129577626777,-0.09546363821925323,-0.006314965214852536,0.08714234244298547,0.06986414445199575
2020-08-21,0.0006649555178592597,0.0009933802136311558,0.005522243533459,0.0306643140140937,-0.007327915562636614,-0.08994139468579423,-0.004528863319827844,0.08261347912315763,0.06889739971450616
2020-08-24,-3.8016631953319186e-05,-0.00025350730860808915,-0.0022147774467674,0.030626297382140382,-0.007581422871244703,-0.09215617213256164,0.0019612701381593106,0.08457474926131693,0.07055848635840888
2020-08-25,-0.00021215027434394717,-0.002373048882842041,-0.0150693666373763,0.030414147107796434,-0.009954471754086744,-0.10722553876993794,0.01269631775453426,0.0972710670158512,0.07045574898132444
2020-08-26,-0.00013087572448003992,0.0013784649167790054,0.007046657279124,0.030283271383316393,-0.008576006837307738,-0.10017888149081394,-0.005668192362344995,0.09160287465350621,0.06910754150076674
2020-08-27,0.00036873061263721505,0.001191701735158523,0.0172594718156923,0.03065200199595361,-0.007384305102149215,-0.08291940967512164,-0.016067770080533776,0.07553510457297243,0.07163616933820434
2020-08-28,0.00029899834285158065,0.00024265267301332074,-0.0039519696476917,0.03095100033880519,-0.007141652429135894,-0.08687137932281334,0.004194622320705021,0.07972972689367745,0.0710261182108279
2020-08-31,-0.0003512144087866641,0.00046128904275335894,0.0049049425418822,0.03059978593001853,-0.006680363386382535,-0.08196643678093114,-0.004443653499128841,0.07528607339454861,0.07047844387484124
2020-09-01,0.0001717484951502913,0.0007511299585506605,0.0001991889314246,0.03077153442516882,-0.005929233427831875,-0.08176724784950655,0.0005519410271260605,0.07583801442167468,0.06645189510089959
2020-09-02,0.00019882774521704156,-0.0010823940349342068,-0.007166976876215,0.030970362170385863,-0.007011627462766082,-0.08893422472572154,0.006084582841280793,0.08192259726295546,0.07041653390519453
2020-09-03,-0.0003124969619998562,-0.00011448671268275956,-0.0075746657857056,0.030657865208386006,-0.0071261141754488415,-0.09650889051142715,0.00746017907302284,0.08938277633597831,0.06885883983864992
2020-09-04,-0.0003714018602849509,-0.001594381413203974,-0.0197086205969941,0.030286463348101055,-0.008720495588652816,-0.11621751110842125,0.018114239183790126,0.10749701551976844,0.07082118730370535
2020-09-07,-0.0007551063418255102,0.0007673711862014891,0.0064997166796187,0.029531357006275544,-0.007953124402451326,-0.10971779442880256,-0.0057323454934172105,0.10176467002635123,0.07086327237583298
2020-09-08,0.0005343740398622516,-0.0029655996659133663,-0.0234231272227519,0.030065731046137797,-0.010918724068364694,-0.13314092165155444,0.020457527556838533,0.12222219758318975,0.06874821453397059
2020-09-09,0.0029641809177951344,-0.003221532257783404,-0.0117809931709669,0.03302991196393293,-0.014140256326148098,-0.14492191482252134,0.008559460913183495,0.13078165849637324,0.07208649402613973
2020-09-10,0.0004210402589032348,0.0018087017773703964,0.0101610410433864,0.033450952222836165,-0.012331554548777702,-0.13476087377913495,-0.008352339266016003,0.12242931923035726,0.07011826652036636
2020-09-11,-0.00012130840418025084,0.0015747157819829567,0.0068022103793141,0.03332964381865591,-0.010756838766794745,-0.12795866339982084,-0.005227494597331143,0.1172018246330261,0.07306020085157709
2020-09-14,0.00014293204065767085,0.00026002456322090267,0.0056164670637524,0.03347257585931358,-0.010496814203573842,-0.12234219633606844,-0.005356442500531498,0.11184538213249459,0.0685852198609336
2020-09-15,-3.190652041803092e-05,-0.0008586823309401823,-0.0057131797344979,0.03344066933889555,-0.011355496534514025,-0.12805537607056633,0.004854497403557718,0.1166998795360523,0.0697174301771375
2020-09-16,0.00013861457748477111,0.00032913656457498475,-0.0024650595650308,0.03357928391638032,-0.01102635996993904,-0.13052043563559712,0.0027941961296057845,0.11949407566565808,0.07003222146954746
2020-09-17,0.00015572577594017586,0.0016877375526803656,0.0186661803200471,0.033735009692320496,-0.009338622417258675,-0.11185425531555002,-0.016978442767366736,0.10251563289829134,0.06974740630846396
2020-09-18,-0.00030118838187103645,-0.0003641035652152846,-0.0067429601299436,0.03343382131044946,-0.00970272598247396,-0.11859721544549362,0.006378856564728316,0.10889448946301966,0.07009378908509065
2020-09-21,-0.00010781796481083417,-0.001874423833073047,-0.011983201070702,0.03332600334563863,-0.011577149815547007,-0.13058041651619562,0.010108777237628954,0.11900326670064862,0.07063997841467254
2020-09-22,0.0002065810475409869,0.0007206073345330617,0.0031218884460843,0.03353258439317962,-0.010856542481013944,-0.12745852807011132,-0.002401281111551238,0.11660198558909737,0.07012028976773012
2020-09-23,-0.0003008350831740925,-0.0033271661055686227,-0.0201589407369702,0.033231749310005526,-0.014183708586582567,-0.14761746880708151,0.016831774631401578,0.13343376022049894,0.06731707268525501
2020-09-24,0.00018182787035335107,-0.0004905125199012566,-0.0011728403602328,0.03341357718035888,-0.014674221106483823,-0.1487903091673143,0.0006823278403315434,0.13411608806083047,0.07038108019213551
2020-09-25,0.0003133417896954642,-0.0014024038328453974,-0.0026651966944138,0.033726918970054344,-0.01607662493932922,-0.15145550586172812,0.0012627928615684023,0.13537888092239891,0.07191835960604782
2020-09-28,0.00015980300273142536,0.000808406945387398,0.0043687853054387,0.03388672197278577,-0.015268217993941822,-0.14708672055628944,-0.0035603783600513025,0.13181850256234762,0.0680993900832729
2020-09-29,-9.162889927287227e-05,-0.00038440448830825914,-0.0011066391024152,0.033795093073512895,-0.01565262248225008,-0.14819335965870464,0.0007222346141069408,0.13254073717645456,0.0686975694344618
2020-09-30,0.00013140065449236752,0.0033309979108472215,0.0208388676993881,0.03392649372800526,-0.01232162457140286,-0.12735449195931653,-0.017507869788540877,0.11503286738791367,0.07074470733655211
2020-10-09,0.00022549355807440386,0.003443603254825651,0.0281861076235846,0.03415198728607967,-0.008878021316577209,-0.09916838433573193,-0.02474250436875895,0.09029036301915472,0.06915510038564708
2020-10-12,0.0002966321129702001,0.0004958088130740039,0.0022814373391173,0.03444861939904987,-0.008382212503503204,-0.09688694699661463,-0.0017856285260432962,0.08850473449311141,0.07121324866026921
2020-10-13,-0.00010017073017711532,-0.0009395355658784924,-0.0062692312202641,0.03434844866887275,-0.009321748069381696,-0.10315617821687872,0.005329695654385607,0.09383443014749702,0.06797712015259168
2020-10-14,-0.00031441023477096254,-0.0010344284906826798,-0.0035614389754624,0.03403403843410179,-0.010356176560064375,-0.10671761719234113,0.0025270104847797204,0.09636144063227675,0.06990581201249439
2020-10-15,-1.2685665985132327e-05,-1.9389857739664312e-05,-0.0002684631751511,0.03402135276811666,-0.010375566417804039,-0.10698608036749223,0.00024907331741143567,0.09661051394968818,0.070665267977688
2020-10-16,-8.42299291783759e-05,-0.0006944560543808362,-0.00628141890664,0.03393712283893828,-0.011070022472184875,-0.11326749927413222,0.005586962852259163,0.10219747680194735,0.06878772302311802
2020-10-19,-0.0001198159427501858,0.001162149018327857,0.0066450954965493,0.033817306896188094,-0.009907873453857019,-0.10662240377758292,-0.005482946478221443,0.0967145303237259,0.07062672235679104
2020-10-20,-0.00044478983664011365,-0.001745004541990262,-0.0040546104541061,0.03337251705954798,-0.01165287799584728,-0.11067701423168902,0.002309605912115838,0.09902413623584173,0.07134456458116237
2020-10-21,-0.0003618325185226909,-0.0006469430549587342,-0.0044491828007925,0.03301068454102529,-0.012299821050806015,-0.11512619703248152,0.003802239745833766,0.1028263759816755,0.06755105421456498
2020-10-22,-0.0004040398338593662,-0.001948354102690786,-0.0131107058420918,0.03260664470716593,-0.0142481751534968,-0.12823690287457332,0.011162351739401014,0.11398872772107652,0.07024865972877473
2020-10-23,0.00016114302276714842,0.00029587574376468804,-0.0035309420049798,0.03276778772993308,-0.013952299409732112,-0.13176784487955312,0.003826817748744488,0.11781554546982101,0.06907914208023028
2020-10-26,0.0006338895400226296,0.00023257545871080095,0.0021035576020925,0.03340167726995571,-0.013719723951021312,-0.12966428727746063,-0.0018709821433816989,0.11594456332643932,0.07026245620245936
2020-10-27,-0.0002541064555111151,0.00013840661786410243,0.0042141186360345,0.033147570814444596,-0.01358131733315721,-0.12545016864142614,-0.004075712018170397,0.11186885130826893,0.07104456938654038
2020-10-28,0.00022387113940599144,-0.00016206281527538465,0.0023313287418328,0.03337144195385059,-0.013743380148432594,-0.12311883989959334,-0.002493391557108185,0.10937545975116074,0.06912348132194611
2020-10-29,6.371247966159526e-06,-0.0034097001149273557,-0.018126305575646,0.03337781320181675,-0.01715308026335995,-0.14124514547523934,0.014716605460718643,0.12409206521187939,0.07044027174205408
2020-10-30,-0.00018552997143787757,0.000250012719026936,0.0038611785125495,0.03319228323037887,-0.016903067544333013,-0.13738396696268984,-0.003611165793522564,0.12048089941835682,0.07005141544781512
2020-11-02,0.0006548359830289528,0.0026502796571476754,0.0132941555613882,0.03384711921340783,-0.014252787887185338,-0.12408981140130164,-0.010643875904240525,0.1098370235141163,0.06731574335794212
2020-11-03,-0.00028002057601082873,-0.0004510505835169514,0.0023342427291659,0.033567098637397,-0.01470383847070229,-0.12175556867213574,-0.0027852933126828513,0.10705173020143345,0.06996379078674636
2020-11-04,0.00012862918306288064,0.002019942785792803,0.0140304499797451,0.03369572782045988,-0.012683895684909487,-0.10772511869239064,-0.012010507193952297,0.09504122300748115,0.06926363360805561
2020-11-05,-0.00021159750598835264,-0.0012106164296568737,-0.0045321189521804,0.03348413031447153,-0.013894512114566361,-0.11225723764457105,0.0033215025225235267,0.09836272553000469,0.07126026002326859
2020-11-06,0.00015899046591759145,0.00218341277778708,0.0186682803686284,0.03364312078038913,-0.01171109933677928,-0.09358895727594264,-0.01648486759084132,0.08187785793916336,0.06919942488722135
2020-11-09,7.753945546425207e-06,-0.0010753578742423182,-0.0064362443573658,0.03365087472593555,-0.012786457211021599,-0.10002520163330844,0.005360886483123482,0.08723874442228684,0.07023195433688235
2020-11-10,-0.00026291315783565756,-0.001493454308568142,-0.0101989063988703,0.033387961568099894,-0.01427991151958974,-0.11022410803217875,0.008705452090302159,0.09594419651258901,0.06598403713952379
2020-11-11,-0.00037706152173277866,0.00012557630819741132,0.00011176838547,0.033010900046367114,-0.01415433521139233,-0.11011233964670875,1.3807922727411323e-05,0.09595800443531642,0.06799037904413242
2020-11-12,1.1285058131700135e-05,-5.372809450525947e-05,-0.0072453568614578,0.033022185104498815,-0.014208063305897588,-0.11735769650816655,0.00719162876695254,0.10314963320226896,0.07022814319564008
2020-11-13,-0.00032481065265163356,0.00108141118412025,0.0095061526691529,0.03269737445184718,-0.013126652121777339,-0.10785154383901364,-0.00842474148503265,0.0947248917172363,0.07150147334816201
2020-11-16,-9.198574490440348e-05,-0.0007309670015325681,-0.0044151776692415,0.032605388706942774,-0.013857619123309907,-0.11226672150825515,0.003684210667708932,0.09840910238494524,0.07172722181066432
2020-11-17,-5.52312864585916e-05,0.0003529270204218659,0.0004796133220536,0.032550157420484185,-0.01350469210288804,-0.11178710818620155,-0.00012668630163173406,0.0982824160833135,0.06905604641792826
2020-11-18,6.530202469443857e-05,0.0002960465051818302,0.0052847575815448,0.03261545944517862,-0.01320864559770621,-0.10650235060465675,-0.0049887110763629705,0.09329370500695054,0.07035320247723047
2020-11-19,0.00011514761194324995,0.0006700897673392685,0.0044297768121089,0.03273060705712187,-0.012538555830366942,-0.10207257379254785,-0.0037596870447696314,0.08953401796218091,0.0706726352812996
2020-11-20,8.476348009694167e-06,0.0004579196101490811,0.0093658338655449,0.03273908340513156,-0.01208063622021786,-0.09270673992700294,-0.008907914255395818,0.08062610370678508,0.0701733081027722
2020-11-23,-1.1179539832177863e-06,-5.209166270401483e-05,-0.003634470409962,0.03273796545114834,-0.012132727882921876,-0.09634121033696494,0.0035823787472579853,0.08420848245404307,0.06955274622323625
2020-11-24,0.00019589815431344336,-0.0013860570910041317,-0.0135101761628753,0.032933863605461786,-0.013518784973926008,-0.10985138649984023,0.012124119071871168,0.09633260152591422,0.06968773258172513
2020-11-25,6.243327390065123e-05,-0.0005520744977403602,-3.462519077892706e-05,0.03299629687936244,-0.014070859471666369,-0.10988601169061916,-0.0005174493069614331,0.0958151522189528,0.06970351356314863
2020-11-26,0.00022060760547176102,0.00012353968852257932,0.0095939089360324,0.0332169044848342,-0.013947319783143789,-0.10029210275458676,-0.009470369247509821,0.08634478297144298,0.07157229609446181
2020-11-27,6.68079102817952e-05,-0.00036082732872091543,-0.0038100512127107,0.033283712395115995,-0.014308147111864705,-0.10410215396729747,0.0034492238839897845,0.08979400685543276,0.06980545513247853
2020-11-30,8.171547610595063e-05,0.001517180042645523,0.0173152095975955,0.033365427871221945,-0.012790967069219183,-0.08678694436970197,-0.015798029554949976,0.07399597730048278,0.07042759127947523
2020-12-01,-8.40230966356952e-05,0.0001726527963558209,-0.0005080321585557,0.03328140477458625,-0.012618314272863362,-0.08729497652825767,0.0006806849549115209,0.07467666225539431,0.06880454915393888
2020-12-02,-0.000279120849215463,-0.0003557812167200633,-0.0017438427162611,0.03300228392537079,-0.012974095489583426,-0.08903881924451877,0.0013880614995410367,0.07606472375493535,0.06950662921780354
2020-12-03,4.7621264749296356e-05,0.00022102066628847786,0.001365418248261,0.033049905190120084,-0.012753074823294948,-0.08767340099625777,-0.0011443975819725222,0.07492032617296282,0.07052703302930571
2020-12-04,7.905572675355653e-05,-0.0005066578581898152,-0.0074170250244826,0.03312896091687364,-0.013259732681484762,-0.09509042602074037,0.006910367166292785,0.0818306933392556,0.06947669444519994
2020-12-07,0.0001527928248700002,-0.00020391534714420923,-0.0022377005719433,0.033281753741743636,-0.013463648028628972,-0.09732812659268367,0.002033785224799091,0.0838644785640547,0.06921704929923614
2020-12-08,0.00020289562546696598,-0.0022087384885398917,-0.0140101175905886,0.0334846493672106,-0.015672386517168863,-0.11133824418327226,0.011801379102048707,0.0956658576661034,0.06957218072348813
2020-12-09,-0.00018235378968267093,-0.00017822661607852402,-0.0005113409894583,0.03330229557752793,-0.01585061313324739,-0.11184958517273057,0.000333114373379776,0.09599897203948318,0.06892427434364902
2020-12-10,0.00010685850506313565,-0.002154027433784803,-0.0106886168428733,0.03340915408259107,-0.01800464056703219,-0.12253820201560386,0.008534589409088498,0.10453356144857168,0.06733367409578707
2020-12-11,-6.309761723126803e-05,0.0008148825193896728,0.0069466587030214,0.0333460564653598,-0.017189758047642518,-0.11559154331258246,-0.006131776183631727,0.09840178526493995,0.06946226334341837
2020-12-14,0.0004884510729950219,8.648284026728325e-05,0.0004814463842826,0.03383450753835482,-0.017103275207375236,-0.11511009692829986,-0.00039496354401531676,0.09800682172092462,0.07092693616258929
2020-12-15,0.00030261935487350375,-0.0012100922065752277,-0.0018068635284889,0.03413712689322832,-0.018313367413950465,-0.11691696045678876,0.0005967713219136722,0.09860359304283829,0.06996714686659669
2020-12-16,0.00013128210286097,0.0011012370836374341,0.0101035707937773,0.034268408996089295,-0.01721213033031303,-0.10681338966301146,-0.009002333710139867,0.08960125933269843,0.06992414210033288
2020-12-17,8.172101048980424e-05,-0.0004940831192423978,-0.0033828802993418,0.0343501300065791,-0.017706213449555426,-0.11019626996235327,0.002888797180099402,0.09249005651279785,0.07085368079700058
2020-12-18,-6.954214049561736e-05,0.0009374368630120562,0.0108541993580474,0.034280587866083484,-0.01676877658654337,-0.09934207060430586,-0.009916762495035343,0.08257329401776249,0.07017692822388767
2020-12-21,3.6395771897844396e-05,-0.0024525700305392134,-0.019547165645279,0.03431698363798133,-0.019221346617082583,-0.11888923624958486,0.017094595614739784,0.09966788963250228,0.07029727080687304
2020-12-22,-0.000404377900230455,0.0003756589312453686,0.0070652215410194,0.03391260573775087,-0.018845687685837213,-0.11182401470856546,-0.006689562609774032,0.09297832702272824,0.0704065022011567
2020-12-23,-6.42331550019352e-05,-0.0023359888048820098,-0.0074182843526976,0.03384837258274894,-0.021181676490719222,-0.11924229906126306,0.00508229554781559,0.09806062257054383,0.0704310727178595
2020-12-24,1.2550264224774052e-05,0.0009667771818936319,0.0085167205020333,0.033860922846973715,-0.02021489930882559,-0.11072557855922976,-0.007549943320139668,0.09051067925040418,0.06948342403125171
2020-12-25,-0.00014674890283885504,-0.001363341829036373,-0.0007712924280191,0.03371417394413486,-0.021578241137861963,-0.11149687098724886,-0.0005920494010172731,0.0899186298493869,0.06899735742547214
2020-12-28,0.0007160514957286867,-9.702108264748546e-05,-0.0058847881223426,0.03443022543986355,-0.021675262220509448,-0.11738165910959146,0.0057877670396951145,0.09570639688908202,0.07161474988482837
2020-12-29,-0.0001539960151334691,0.0003212534583230745,0.0104136504834467,0.03427622942473008,-0.021354008762186374,-0.10696800862614476,-0.010092397025123625,0.08561399986395839,0.06969895510946197
2020-12-30,0.0002959064663804823,0.001614596051733147,0.0166897130675896,0.034572135891110564,-0.019739412710453225,-0.09027829555855517,-0.015075117015856452,0.07053888284810195,0.06952395895970327
2020-12-31,0.0,0.0,0.0,0.034572135891110564,-0.019739412710453225,-0.09027829555855517,0.0,0.07053888284810195,0.07078465992449155
