time,pnl,long_pnl,benchmark_ret,cum_pnl,cum_long_pnl,cum_benchmark_ret,excess_ret,cum_excess_ret,turnover
2018-01-12,0.0,0.0,0.0,0.0,0.0,0.0,0.0,0.0,0.0
2018-01-15,-0.0004032385855419879,0.0052567293503843334,0.004516945830740582,-0.0004032385855419879,0.0052567293503843334,0.004516945830740582,0.0007397835196437516,0.0007397835196437516,0.9999999999999999
2018-01-16,0.008820449808238226,0.0026806809043896512,-0.0025625429914999387,0.008417211222696237,0.007937410254773986,0.001954402839240643,0.00524322389588959,0.005983007415533342,0.777107436721459
2018-01-17,0.0011920104329819485,0.0008979708214454113,0.0017799566437961545,0.009609221655678186,0.008835381076219397,0.0037343594830367977,-0.0008819858223507432,0.005101021593182599,0.5922338792573598
2018-01-18,-0.0021898437249492485,-0.004047002346874036,-0.0024357080857964064,0.007419377930728938,0.004788378729345361,0.0012986513972403912,-0.0016112942610776292,0.00348972733210497,0.680584808251908
2018-01-19,0.0033807410219267794,0.011880848984687487,0.010927747066890703,0.010800118952655717,0.01666922771403285,0.012226398464131094,0.0009531019177967844,0.004442829249901754,0.5967151145260334
2018-01-22,0.001983627037338346,0.0009772298159587101,0.0007734499258145178,0.012783745989994063,0.01764645752999156,0.012999848389945612,0.00020377989014419237,0.0046466091400459465,0.5769055251343751
2018-01-23,0.0024264177499793236,0.008944354804260956,0.007441090445778897,0.015210163739973387,0.026590812334252513,0.02044093883572451,0.001503264358482059,0.006149873498528004,0.7031471471734948
2018-01-24,0.003440946224248328,-0.0004996911437013268,-0.0013825359755230693,0.018651109964221715,0.026091121190551188,0.01905840286020144,0.0008828448318217425,0.007032718330349748,0.5710082559712798
2018-01-25,0.00013068209400222207,-0.0019915422752426752,-0.0009380218697891962,0.018781792058223938,0.024099578915308513,0.018120380990412244,-0.001053520405453479,0.005979197924896269,0.6214923712255453
2018-01-26,-0.0026335592264042935,-0.015332102069436464,-0.011909360598474805,0.016148232831819646,0.00876747684587205,0.0062110203919374385,-0.0034227414709616585,0.0025564564539346107,0.7375623043093837
2018-01-29,-0.003615022898608202,-0.0044000568425173895,-0.0024751512551510757,0.012533209933211444,0.00436742000335466,0.003735869136786363,-0.0019249055873663138,0.000631550866568297,0.7597093519454008
2018-01-30,-0.01249978957825964,-0.0347457456450264,-0.023896101454075946,3.3420354951803344e-05,-0.03037832564167174,-0.020160232317289584,-0.010849644190950455,-0.010218093324382158,0.7581696171837516
2018-01-31,-0.014726353909159962,-0.05544551839731007,-0.04280519813017847,-0.014692933554208159,-0.08582384403898181,-0.06296543044746805,-0.012640320267131605,-0.022858413591513763,0.6765949802433505
2018-02-01,0.004179878795128166,-0.0041939014830451584,-0.0028605595525625915,-0.010513054759079992,-0.09001774552202697,-0.06582599000003064,-0.001333341930482567,-0.02419175552199633,0.6713372650507096
2018-02-02,-0.0030150933621530367,-0.006212314220587867,-0.004023935009550783,-0.013528148121233029,-0.09623005974261484,-0.06984992500958143,-0.0021883792110370835,-0.02638013473303341,0.5375719062218618
2018-02-05,-0.052452652307955046,-0.08849527119160189,-0.05065070587725273,-0.06598080042918808,-0.18472533093421672,-0.12050063088683416,-0.037844565314349154,-0.06422470004738257,0.5113274667758159
2018-02-06,0.011453670061073078,0.012901371397749061,0.002534656168123206,-0.054527130368115004,-0.17182395953646767,-0.11796597471871095,0.010366715229625855,-0.05385798481775672,0.459596224500315
2018-02-07,0.022465776626483823,0.02754912303836846,0.012901181635418979,-0.03206135374163118,-0.14427483649809922,-0.10506479308329197,0.01464794140294948,-0.039210043414807244,0.45044457410586325
2018-02-08,-0.013180491270064782,-0.0405651214381059,-0.030137642416136146,-0.045241845011695966,-0.1848399579362051,-0.13520243549942812,-0.010427479021969756,-0.04963752243677699,0.4165987666737152
2018-02-09,0.00827228406942563,0.0320767232176015,0.024596834813772617,-0.03696956094227034,-0.15276323471860362,-0.1106056006856555,0.007479888403828884,-0.042157634032948116,0.469279240835131
2018-02-12,0.005195006643233522,0.0030741294727781405,0.002054450170691169,-0.03177455429903681,-0.1496891052458255,-0.10855115051496433,0.0010196793020869717,-0.041137954730861154,0.6163743044130511
2018-02-13,0.002220403558481398,0.0024991813841282466,0.002274043465558151,-0.029554150740555413,-0.14718992386169724,-0.10627710704940618,0.00022513791857009567,-0.04091281681229106,0.6070949202697921
2018-02-14,-0.00029059850078792755,0.01801235010874804,0.018512542923224018,-0.02984474924134334,-0.1291775737529492,-0.08776456412618217,-0.0005001928144759762,-0.04141300962676703,0.7577538753038314
2018-02-22,0.006202300045013123,0.006278681238972194,0.0029629380017581752,-0.02364244919633022,-0.122898892513977,-0.08480162612442399,0.0033157432372140187,-0.038097266389553006,0.6867199971723892
2018-02-23,0.006393447877219922,0.02776722477702595,0.021939994934266238,-0.017249001319110297,-0.09513166773695104,-0.06286163119015775,0.0058272298427597125,-0.03227003654679329,0.5008084633270629
2018-02-26,0.004352841235083949,0.008308796356608422,0.003413846882809324,-0.012896160084026349,-0.08682287138034263,-0.05944778430734843,0.004894949473799098,-0.0273750870729942,0.7181761887767317
2018-02-27,-0.0013196326477305906,0.002929261032768139,0.00525882307717751,-0.01421579273175694,-0.08389361034757449,-0.05418896123017092,-0.002329562044409371,-0.029704649117403573,0.48153728864883794
2018-02-28,-0.0025119541846865935,0.01581163608343245,0.0143351168752055,-0.016727746916443534,-0.06808197426414205,-0.03985384435496542,0.0014765192082269486,-0.028228129909176627,0.7273901492483134
2018-03-01,0.008023361967384863,-0.0005203199712253607,-0.00394357588427674,-0.008704384949058671,-0.0686022942353674,-0.04379742023924216,0.0034232559130513793,-0.024804873996125243,0.7494987236353172
2018-03-02,-0.006015827308862232,0.004774278812418931,0.006298526368114565,-0.014720212257920903,-0.06382801542294847,-0.03749889387112759,-0.0015242475556956347,-0.026329121551820878,0.5769244348648382
2018-03-05,0.008630866158906752,0.014066157579695192,0.009184460192843247,-0.006089346099014152,-0.04976185784325328,-0.028314433678284345,0.004881697386851945,-0.021447424164968934,0.7114405158434973
2018-03-06,-0.0003017169859481676,-0.007612730296442562,-0.0070490123069344435,-0.006391063084962319,-0.05737458813969584,-0.03536344598521879,-0.0005637179895081187,-0.022011142154477054,0.6016427266826865
2018-03-07,0.0025118704633982055,0.007082467027974064,0.005462700887921557,-0.0038791926215641136,-0.05029212111172178,-0.029900745097297232,0.0016197661400525077,-0.020391376014424548,0.6624054550297631
2018-03-08,0.005280740751861006,0.02255232482457578,0.01650844886590086,0.001401548130296892,-0.027739796287146,-0.013392296231396372,0.006043875958674921,-0.014347500055749626,0.8284896088259327
2018-03-09,0.006295845691385549,0.022305883380830324,0.016008627537191344,0.007697393821682441,-0.005433912906315674,0.002616331305794972,0.00629725584363898,-0.008050244212110647,0.6669269678746129
2018-03-12,0.005418761773550661,-0.0013514849100525513,-0.005165488768646753,0.013116155595233103,-0.006785397816368226,-0.002549157462851781,0.0038140038585942016,-0.004236240353516445,0.8094581123572784
2018-03-13,0.0023173736646157615,-0.01247096091120568,-0.011178277215382337,0.015433529259848864,-0.019256358727573905,-0.013727434678234118,-0.0012926836958233427,-0.005528924049339787,0.745661040703296
2018-03-14,-0.0030633156651339436,-0.0053519166658061185,-0.0015790309004852787,0.012370213594714921,-0.024608275393380022,-0.015306465578719397,-0.00377288576532084,-0.009301809814660625,0.7671831160034351
2018-03-15,-0.0017851086703074698,-0.0021474565799806944,-0.002659712566254413,0.010585104924407451,-0.026755731973360716,-0.01796617814497381,0.0005122559862737186,-0.008789553828386906,0.8209448477449217
2018-03-16,0.006552874687953553,0.007455474776029175,0.00213937304995504,0.017137979612361003,-0.01930025719733154,-0.01582680509501877,0.005316101726074135,-0.0034734521023127712,0.7669853878224042
2018-03-19,0.003250075759464182,0.0027263665758490326,0.000257030169768413,0.020388055371825184,-0.01657389062148251,-0.015569774925250357,0.0024693364060806196,-0.0010041156962321517,0.6969089909896579
2018-03-20,-0.0010227147751046258,-0.0072309740351340236,-0.007533079285206412,0.019365340596720557,-0.023804864656616534,-0.02310285421045677,0.0003021052500723886,-0.0007020104461597648,0.617445289851097
2018-03-21,0.0008765594648586916,0.0017634925943836944,-0.000940561509576554,0.02024190006157925,-0.02204137206223284,-0.024043415720033323,0.0027040541039602484,0.0020020436578004827,0.7083236898609744
2018-03-22,-0.014566174324461823,-0.07167644927949732,-0.05496650305056505,0.005675725737117426,-0.09371782134173015,-0.07900991877059838,-0.016709946228932265,-0.014707902571131776,0.6206847972992146
2018-03-23,0.004430931251347933,0.018888096362950597,0.017395801752497775,0.010106656988465358,-0.07482972497877956,-0.0616141170181006,0.0014922946104528219,-0.013215607960678957,0.7027398671040391
2018-03-26,0.0026773672398391645,0.03011480487439987,0.02509856138528299,0.012784024228304523,-0.04471492010437969,-0.03651555563281761,0.005016243489116879,-0.008199364471562082,0.7166332528949251
2018-03-27,0.004308367065624872,-0.005320299064733018,-0.006754017820409075,0.017092391293929393,-0.05003521916911271,-0.043269573453226684,0.001433718755676057,-0.006765645715886025,0.5395724169791366
2018-03-28,0.00762182687868315,0.010714482840810129,0.007267548616669117,0.024714218172612542,-0.03932073632830258,-0.03600202483655757,0.0034469342241410118,-0.0033187114917450147,0.5118708338199174
2018-03-29,-0.0018571672505679104,0.016129992547565628,0.01696897168034006,0.022857050922044632,-0.023190743780736954,-0.019033053156217505,-0.0008389791327744339,-0.004157690624519449,0.6892016793080421
2018-03-30,-3.6442303578274187e-06,0.0055722823224649215,0.005457651547516207,0.022853406691686805,-0.017618461458272033,-0.013575401608701299,0.00011463077494871469,-0.004043059849570735,0.5822404565104674
2018-04-02,-0.0044392072930326,-0.01327215518508543,-0.00974862426685874,0.018414199398654206,-0.030890616643357464,-0.02332402587556004,-0.0035235309182266895,-0.007566590767797424,0.7929011780529619
2018-04-03,0.01124741353231814,-0.004317776381796732,-0.008997529323531595,0.029661612930972345,-0.035208393025154196,-0.032321555199091634,0.0046797529417348625,-0.002886837826062562,0.5909320454341108
2018-04-04,-0.00476529684963122,-0.0020862180064094606,0.0014488698747943118,0.024896316081341123,-0.03729461103156366,-0.030872685324297322,-0.0035350878812037724,-0.006421925707266338,0.6151776680053963
2018-04-09,0.005701294474077192,0.0011490850608038095,0.0003161445275878805,0.030597610555418316,-0.03614552597075985,-0.03055654079670944,0.000832940533215929,-0.005588985174050411,0.74281473361934
2018-04-10,-0.0015909898953838865,0.005982519707806917,0.005791767594413244,0.02900662066003443,-0.030163006262952936,-0.024764773202296197,0.00019075211339367269,-0.005398233060656739,0.6470895084835172
2018-04-11,-0.0005014815874941909,-0.0058383717385081385,-0.004769937310213024,0.02850513907254024,-0.036001378001461075,-0.02953471051250922,-0.0010684344282951147,-0.0064666674889518536,0.7007730806363773
2018-04-12,0.0031910650187363665,-0.0011566549090762633,-0.0008895328402527269,0.0316962040912766,-0.03715803291053734,-0.030424243352761948,-0.00026712206882353634,-0.006733789557775392,0.5556047392814423
2018-04-13,0.00037257920791392577,-0.0017053331083024845,-0.0005553441712464746,0.03206878329919053,-0.03886336601883982,-0.030979587524008423,-0.0011499889370560098,-0.007883778494831399,0.706772591934559
2018-04-16,0.006680424630624909,-0.025100199224185903,-0.02307465914851825,0.03874920792981544,-0.06396356524302572,-0.054054246672526673,-0.002025540075667652,-0.009909318570499051,0.7413246777439213
2018-04-17,0.0037944125830967532,0.015320463821728206,0.014607778686755779,0.042543620512912196,-0.04864310142129752,-0.039446467985770894,0.0007126851349724267,-0.009196633435526624,0.7498863255915797
2018-04-18,0.0074575682220376265,0.004420492100113611,0.0023689092451064653,0.050001188734949825,-0.04422260932118391,-0.03707755874066443,0.0020515828550071455,-0.00714505058051948,0.7063551772659049
2018-04-19,-0.010868523665692255,-0.03154407449254812,-0.021362521405414725,0.03913266506925757,-0.07576668381373203,-0.058440080146079154,-0.010181553087133394,-0.017326603667652873,0.5032425832853248
2018-04-20,0.005063742627753564,-0.007737225571765273,-0.010681862255038865,0.044196407697011136,-0.0835039093854973,-0.06912194240111802,0.0029446366832735927,-0.014381966984379282,0.5910264652944548
2018-04-23,0.005409962138956932,0.02484745008671326,0.021428832173693735,0.04960636983596807,-0.05865645929878404,-0.047693110227424285,0.003418617913019527,-0.010963349071359756,0.6110081960986103
2018-04-24,0.002703715096355195,0.0051890558439554,0.0038425100073844476,0.05231008493232327,-0.053467403454828644,-0.04385060022003984,0.0013465458365709525,-0.009616803234788807,0.7739036956656739
2018-04-25,-0.007823397648088544,-0.02580000023995202,-0.01848769582756482,0.04448668728423472,-0.07926740369478066,-0.06233829604760466,-0.007312304412387199,-0.016929107647176006,0.6603174299626176
2018-04-26,0.0026567328195168036,8.592655771758005e-05,0.001000922096114465,0.04714342010375153,-0.07918147713706308,-0.06133737395149019,-0.0009149955383968848,-0.01784410318557289,0.5765417231048244
2018-04-27,-0.003409527430400701,-0.009656687183137658,-0.004650901344010805,0.04373389267335082,-0.08883816432020074,-0.065988275295501,-0.0050057858391268535,-0.02284988902469974,0.6076570127482864
2018-05-02,-0.004031882470333754,0.009755017495596785,0.008971730444686798,0.03970201020301707,-0.07908314682460395,-0.0570165448508142,0.0007832870509099869,-0.02206660197378975,0.7274094167471277
2018-05-03,-0.004901949428341849,-0.007767703153906591,-0.0021383755284620776,0.03480006077467522,-0.08685084997851054,-0.05915492037927628,-0.005629327625444514,-0.027695929599234267,0.7613751296163148
2018-05-04,0.002996994074090473,0.01941098820441491,0.017498106131997204,0.03779705484876569,-0.06743986177409564,-0.04165681424727907,0.001912882072417705,-0.025783047526816566,0.4771328950637918
2018-05-07,0.007804872296774182,0.011473940228193773,0.004737201065175611,0.04560192714553987,-0.05596592154590187,-0.03691961318210346,0.006736739163018162,-0.019046308363798406,0.5588248835651185
2018-05-08,-0.001357107354068561,-0.0018507617202542434,-0.00048457829034198596,0.04424481979147131,-0.05781668326615611,-0.03740419147244545,-0.0013661834299122575,-0.020412491793710665,0.5583818349745023
2018-05-09,0.0006148176636835015,0.005354870122088393,0.00423103416238213,0.04485963745515481,-0.05246181314406772,-0.03317315731006332,0.0011238359597062625,-0.019288655834004402,0.5883917490191548
2018-05-10,0.008174348422309184,-0.008608691454254714,-0.009961778268325006,0.053033985877463996,-0.06107050459832243,-0.04313493557838832,0.001353086814070292,-0.01793556901993411,0.8457372479039916
2018-05-11,0.001411741125847287,-0.009594587530657249,-0.0068090085125014355,0.05444572700331128,-0.07066509212897967,-0.04994394409088976,-0.0027855790181558135,-0.020721148038089915,0.6816709583060316
2018-05-14,-0.00037843875144549945,0.011425473730486819,0.010473081138020035,0.05406728825186578,-0.05923961839849286,-0.03947086295286972,0.0009523925924667838,-0.019768755445623135,0.7773486390079329
2018-05-15,-0.003966121652939385,-0.00791979195302416,-0.005794666290539041,0.0501011665989264,-0.06715941035151701,-0.045265529243408764,-0.002125125662485119,-0.02189388110810825,0.6869464912283563
2018-05-16,0.0003513057948142608,-0.00531703351096689,-0.004750522945819569,0.050452472393740656,-0.0724764438624839,-0.05001605218922833,-0.0005665105651473214,-0.022460391673255573,0.5894833018733918
2018-05-17,0.005652316921953028,0.007135816158549999,0.0044686168275980265,0.05610478931569368,-0.06534062770393391,-0.045547435361630306,0.0026671993309519727,-0.019793192342303603,0.6929573109242317
2018-05-18,0.00825949454679631,0.016203048373374412,0.011468809454063589,0.06436428386248999,-0.0491375793305595,-0.03407862590756672,0.004734238919310824,-0.01505895342299278,0.6160451671443412
2018-05-21,-0.0006163899696401984,0.004974774412605901,0.004061267511923816,0.0637478938928498,-0.044162804917953595,-0.0300173583956429,0.000913506900682085,-0.014145446522310694,0.7272283151745733
2018-05-22,-0.00042948930881780197,-0.0119539732886453,-0.010780947167930321,0.063318404584032,-0.0561167782065989,-0.04079830556357322,-0.0011730261207149786,-0.015318472643025674,0.7430390842866186
2018-05-23,-0.0017639008094837338,-0.005227706560264131,-0.003582620739795317,0.06155450377454826,-0.06134448476686303,-0.04438092630336854,-0.0016450858204688137,-0.01696355846349449,0.6926371319202139
2018-05-24,0.0027137044390473843,-0.01614009434440302,-0.013220088758219006,0.06426820821359565,-0.07748457911126605,-0.057601015061587546,-0.0029200055861840143,-0.019883564049678504,0.7881884579875064
2018-05-25,0.002274490057171675,-0.010970841120592422,-0.00783390591910127,0.06654269827076732,-0.08845542023185847,-0.06543492098068882,-0.0031369352014911523,-0.023020499251169654,0.7095632241879744
2018-05-28,0.008659387328480634,-0.00649526319255828,-0.008297651757208868,0.07520208559924796,-0.09495068342441675,-0.07373257273789768,0.0018023885646505878,-0.021218110686519062,0.706020748310887
2018-05-29,-0.014743637050102147,-0.047879991522323015,-0.03226323944338105,0.06045844854914581,-0.14283067494673976,-0.10599581218127874,-0.015616752078941962,-0.036834862765461024,0.6768607261804521
2018-05-30,0.0050456338136694616,0.015886226738481942,0.01319099755269093,0.06550408236281527,-0.12694444820825782,-0.0928048146285878,0.0026952291857910114,-0.03413963357967001,0.5965052116542041
2018-05-31,0.0016914082056365602,-0.010236713423393608,-0.011376959508785589,0.06719549056845182,-0.13718116163165142,-0.1041817741373734,0.001140246085391981,-0.032999387494278026,0.5780053140310338
2018-06-01,0.002488108565835248,-0.0037237229678008365,-0.004514420039187783,0.06968359913428707,-0.14090488459945225,-0.10869619417656118,0.0007906970713869466,-0.03220869042289107,0.4585733332983436
2018-06-04,0.006249020466782211,0.018027482383150686,0.016088805192007172,0.07593261960106928,-0.12287740221630156,-0.092607388984554,0.001938677191143514,-0.03027001323174755,0.5644197377364175
2018-06-05,0.0045713627246789,5.2514275409083376e-05,0.0006417400548279772,0.08050398232574818,-0.12282488794089247,-0.09196564892972603,-0.0005892257794188939,-0.03085923901116644,0.6425755829298592
2018-06-06,-6.003819041442841e-05,-0.009431257817900955,-0.007239206785108365,0.08044394413533375,-0.13225614575879344,-0.0992048557148344,-0.0021920510327925902,-0.03305129004395904,0.6140446866870038
2018-06-07,-0.0020383961011192528,-0.013894228087551343,-0.011045539170694951,0.0784055480342145,-0.14615037384634477,-0.11025039488552935,-0.0028486889168563914,-0.035899978960815426,0.7653198397977523
2018-06-08,-0.006048127308832281,-0.01226692970114438,-0.008742224853135028,0.07235742072538222,-0.15841730354748915,-0.11899261973866437,-0.003524704848009352,-0.03942468380882477,0.6542881054102306
2018-06-11,0.001513163124416058,0.007681478765077583,0.007645692758433853,0.07387058384979828,-0.15073582478241157,-0.11134692698023052,3.578600664373016e-05,-0.03938889780218105,0.6460570843424407
2018-06-12,-0.012020359963030632,-0.028834684051620155,-0.01737991264544725,0.06185022388676764,-0.17957050883403172,-0.12872683962567777,-0.011454771406172907,-0.05084366920835395,0.7625549541622935
2018-06-13,-0.004198231168400329,-0.010009210085301002,-0.005301945527788732,0.05765199271836731,-0.18957971891933273,-0.1340287851534665,-0.00470726455751227,-0.05555093376586623,0.5166587140493668
2018-06-14,-0.020197198959435846,-0.03786494690714568,-0.022031919466003913,0.03745479375893146,-0.2274446658264784,-0.15606070461947041,-0.01583302744114177,-0.07138396120700799,0.6355026812313647
2018-06-15,-0.04044639481142727,-0.10129319306688127,-0.07086328290079891,-0.0029916010524958098,-0.32873785889335966,-0.22692398752026932,-0.03042991016608236,-0.10181387137309034,0.5706366923292858
2018-06-19,-0.0005420134902774269,0.00778018061491169,0.011833922938688346,-0.0035336145427732365,-0.32095767827844796,-0.21509006458158098,-0.004053742323776656,-0.10586761369686698,0.5631687406471316
2018-06-20,-0.0244915093172821,-0.043369823029830695,-0.023786970934661866,-0.02802512386005534,-0.3643275013082786,-0.23887703551624284,-0.01958285209516883,-0.12545046579203578,0.5634143613794135
2018-06-21,0.009977886200075474,0.020417915988908426,0.015359733424565647,-0.018047237659979863,-0.3439095853193702,-0.2235173020916772,0.005058182564342779,-0.12039228322769302,0.408894878921628
2018-06-22,-0.0012037377801354212,-0.004704210499037257,-0.005236415896359148,-0.019250975440115285,-0.34861379581840746,-0.22875371798803634,0.0005322053973218907,-0.11986007783037111,0.4887782607503899
2018-06-25,0.00648762242626173,0.011906180514837937,0.00836064592121133,-0.012763353013853555,-0.3367076153035695,-0.220393072066825,0.0035455345936266074,-0.1163145432367445,0.45549923220279653
2018-06-26,0.0027237040312675922,-0.007070014852019486,-0.008999025187289789,-0.010039648982585962,-0.343777630155589,-0.2293920972541148,0.001929010335270303,-0.11438553290147419,0.5008550762750673
2018-06-27,-0.004834299478710924,-0.016402495909840886,-0.011881359563041372,-0.014873948461296886,-0.3601801260654299,-0.24127345681715617,-0.004521136346799515,-0.1189066692482737,0.5945498981999189
2018-06-28,-0.00047110419742797053,0.03097205511092722,0.029803321435393215,-0.015345052658724856,-0.32920807095450266,-0.21147013538176296,0.0011687336755340054,-0.1177379355727397,0.5891875810312357
2018-06-29,0.008533226095136959,-0.006630438348128702,-0.012639577917864742,-0.006811826563587897,-0.33583850930263137,-0.2241097132996277,0.00600913956973604,-0.11172879600300367,0.6659769047026675
2018-07-02,-0.0052166797885434294,0.012637270400601999,0.01140048379157399,-0.012028506352131325,-0.3232012389020294,-0.2127092295080537,0.0012367866090280087,-0.11049200939397569,0.42857258824922634
2018-07-03,0.0012612907890932892,-0.021170006805420697,-0.01818152638598569,-0.010767215563038036,-0.3443712457074501,-0.2308907558940394,-0.0029884804194350058,-0.11348048981341069,0.6579542213439034
2018-07-04,-0.004973820287837051,-0.033566471680265844,-0.027275414448107327,-0.015741035850875086,-0.3779377173877159,-0.25816617034214673,-0.006291057232158517,-0.1197715470455692,0.5179804258230938
2018-07-05,-0.0062316346519847845,0.001659344374508765,0.004086797741106096,-0.02197267050285987,-0.37627837301320716,-0.25407937260104063,-0.002427453366597331,-0.12219900041216653,0.8056401605320023
2018-07-06,0.007010252824003944,0.024166085901439007,0.020801239491420986,-0.014962417678855928,-0.3521122871117682,-0.23327813310961965,0.0033648464100180207,-0.11883415400214853,0.6739173275450204
2018-07-09,0.00613833950996444,0.010731153329310628,0.006765774434850158,-0.008824078168891488,-0.34138113378245755,-0.2265123586747695,0.0039653788944604695,-0.11486877510768806,0.45373950539184127
2018-07-10,-0.004257976423771486,-0.030806588595903333,-0.023531706676347852,-0.013082054592662973,-0.3721877223783609,-0.25004406535111734,-0.007274881919555481,-0.12214365702724356,0.5978930887429643
2018-07-11,0.010079143955141505,0.031961449035134676,0.026524236807123458,-0.003002910637521469,-0.3402262733432262,-0.22351982854399388,0.005437212228011218,-0.11670644479923231,0.6118359697132477
2018-07-12,0.000870748575475746,0.0017605706327186682,0.003661179755326316,-0.0021321620620457227,-0.3384657027105075,-0.21985864878866757,-0.0019006091226076477,-0.11860705392183996,0.7328160913523609
2018-07-13,0.002969350355775469,-0.00012823400574939794,0.0009478603171668709,0.0008371882937297462,-0.3385939367162569,-0.2189107884715007,-0.001076094322916269,-0.11968314824475623,0.7579832828917328
2018-07-16,0.001261736933833608,0.004133113256116474,0.0015283019920691032,0.002098925227563354,-0.33446082346014044,-0.2173824864794316,0.002604811264047371,-0.11707833698070885,0.6421645101962518
2018-07-17,0.0009902805462901748,-0.004834508109769094,-0.005567536072193846,0.0030892057738535292,-0.33929533156990954,-0.22295002255162544,0.0007330279624247517,-0.1163453090182841,0.7028799501131557
2018-07-18,-0.011754279654075299,-0.02117348295855352,-0.011564708920472455,-0.00866507388022177,-0.3604688145284631,-0.2345147314720979,-0.009608774038081067,-0.12595408305636518,0.6225583325155476
2018-07-19,-0.001029423469445312,0.01007248488915932,0.010968104094521536,-0.009694497349667082,-0.3503963296393038,-0.22354662737757636,-0.0008956192053622154,-0.12684970226172743,0.7194243123914299
2018-07-20,-0.0015385202114574933,0.007087670899023973,0.007388936554951542,-0.011233017561124575,-0.3433086587402798,-0.21615769082262482,-0.00030126565592756855,-0.127150967917655,0.6081409156323273
2018-07-23,0.005171553555410054,0.020032169644305993,0.015978743397537798,-0.006061464005714522,-0.32327648909597384,-0.20017894742508702,0.004053426246768195,-0.12309754167088682,0.547607647827357
2018-07-24,0.005866080242612491,0.004470713010018594,0.0023533601352863087,-0.0001953837631020307,-0.31880577608595523,-0.1978255872898007,0.002117352874732285,-0.12098018879615452,0.7043216948611577
2018-07-25,-0.0016856077837717122,-0.0024213203860311465,-0.003949069576112407,-0.001880991546873743,-0.3212270964719864,-0.20177465686591312,0.0015277491900812607,-0.11945243960607327,0.6208981250960705
2018-07-26,-0.0013603066610029565,-0.011305278803326982,-0.005835369189888695,-0.0032412982078766995,-0.3325323752753134,-0.2076100260558018,-0.0054699096134382865,-0.12492234921951156,0.8590246353943589
2018-07-27,0.0047222021149234215,-0.015572739864745722,-0.01452534332408284,0.001480903907046722,-0.3481051151400591,-0.22213536937988465,-0.0010473965406628816,-0.12596974576017445,0.9515310211255333
2018-07-30,0.0003997309143600641,-0.00019879324726919192,-0.0011709603739369356,0.001880634821406786,-0.3483039083873283,-0.2233063297538216,0.0009721671266677437,-0.12499757863350669,0.7040820644497404
2018-07-31,-0.0005294852275833129,-0.0172390939939195,-0.015699926419005195,0.0013511495938234733,-0.36554300238124776,-0.23900625617282678,-0.0015391675749143047,-0.12653674620842098,0.6381491778015069
2018-08-01,-0.006198881076859639,-0.030483406399165212,-0.024190368535673912,-0.004847731483036166,-0.39602640878041295,-0.2631966247085007,-0.006293037863491301,-0.13282978407191226,0.5350230065452262
2018-08-02,-0.005916317118567697,-0.015470381564585613,-0.013263143713309944,-0.010764048601603862,-0.4114967903449986,-0.27645976842181064,-0.002207237851275669,-0.13503702192318795,0.5994269546020137
2018-08-03,-0.00705875584212215,-0.02667537794083019,-0.02134428890232165,-0.017822804443726012,-0.4381721682858288,-0.2978040573241323,-0.005331089038508541,-0.1403681109616965,0.6678526843094541
2018-08-06,0.008717003877905685,0.031228329441032612,0.025902470258296617,-0.009105800565820327,-0.4069438388447962,-0.27190158706583567,0.005325859182735995,-0.1350422517789605,0.5878266815990901
2018-08-07,-0.008057447685633426,-0.021291030748216356,-0.016780416488503036,-0.017163248251453753,-0.42823486959301255,-0.2886820035543387,-0.00451061425971332,-0.13955286603867384,0.6429582778934618
2018-08-08,0.00693132487147088,0.02459491892018229,0.022131042661930778,-0.010231923379982872,-0.40363995067283026,-0.26655096089240793,0.0024638762582515107,-0.13708898978042233,0.5233770294666678
2018-08-09,0.011459846236263367,0.012043923268201962,0.006400013672623217,0.0012279228562804955,-0.3915960274046283,-0.2601509472197847,0.005643909595578745,-0.13144508018484358,0.5945669701718124
2018-08-10,0.0038157162101757013,0.005653246802182737,0.005065539018881182,0.005043639066456197,-0.3859427806024456,-0.25508540820090353,0.0005877077833015545,-0.13085737240154205,0.5212409663605705
2018-08-13,0.002257829096190131,-0.00035408269604814537,-0.0033874604350785376,0.007301468162646329,-0.3862968632984937,-0.25847286863598207,0.0030333777390303923,-0.12782399466251165,0.7227017738181919
2018-08-14,0.0006409586189382332,-0.020313355181347408,-0.020567347896516708,0.007942426781584562,-0.40661021847984113,-0.2790402165324988,0.0002539927151693003,-0.12757000194734236,0.8559217480361676
2018-08-15,-0.007896360605992974,-0.01766614517007615,-0.012254878004380743,4.6066175591587266e-05,-0.4242763636499173,-0.2912950945368795,-0.005411267165695406,-0.13298126911303776,0.5886337222387896
2018-08-16,-0.0012844710980580805,-0.02046043974929431,-0.01832565962604704,-0.0012384049224664932,-0.44473680339921157,-0.30962075416292656,-0.0021347801232472693,-0.135116049236285,0.7479624943656838
2018-08-17,-0.0027589149260508128,0.001247223751391043,0.0038138253189963223,-0.003997319848517306,-0.44348957964782054,-0.30580692884393024,-0.0025666015676052796,-0.1376826508038903,0.5514448955375354
2018-08-20,0.002285757016882252,0.011797984558224698,0.011376302418884876,-0.001711562831635054,-0.43169159508959587,-0.29443062642504536,0.0004216821393398223,-0.1372609686645505,0.5670522574369155
2018-08-21,-0.0004308166386656191,-0.013880968309544236,-0.011626136005716603,-0.002142379470300673,-0.4455725633991401,-0.30605676243076196,-0.002254832303827633,-0.13951580096837812,0.552906616747244
2018-08-22,0.0041648056290921635,0.0071044751413913525,0.006051277432026936,0.0020224261587914903,-0.43846808825774874,-0.30000548499873503,0.0010531977093644167,-0.13846260325901372,0.544097548591626
2018-08-23,0.002403960315013305,-0.0028145570223163468,-0.0033542650769042837,0.004426386473804795,-0.4412826452800651,-0.3033597500756393,0.0005397080545879369,-0.1379228952044258,0.6158644583177877
2018-08-24,0.006520039714401335,0.024671797534120323,0.021889037445463444,0.01094642618820613,-0.4166108477459448,-0.28147071263017587,0.002782760088656879,-0.13514013511576894,0.5807392138221634
2018-08-27,0.005667941140875366,0.0033480888215513594,0.0007916762170445679,0.016614367329081496,-0.41326275892439346,-0.2806790364131313,0.0025564126045067915,-0.13258372251126216,0.6716375175191545
2018-08-28,-0.006140125461839928,-0.008827409404420826,-0.005708626796710803,0.010474241867241569,-0.4220901683288143,-0.2863876632098421,-0.0031187826077100234,-0.1357025051189722,0.6222405568124881
2018-08-29,-0.009211311031457765,-0.023433591937896094,-0.017338211168343776,0.001262930835783804,-0.44552376026671037,-0.3037258743781859,-0.006095380769552319,-0.1417978858885245,0.6530477156943387
2018-08-30,-0.0062976988807206535,-0.01571984154126928,-0.011065805151863728,-0.00503476804493685,-0.46124360180797963,-0.3147916795300496,-0.004654036389405553,-0.14645192227793002,0.8061730097826927
2018-08-31,-0.003799962099127373,-0.0036438435646567974,-0.0007673389435289835,-0.008834730144064223,-0.46488744537263643,-0.3155590184735786,-0.002876504621127814,-0.14932842689905784,0.7026844514326859
2018-09-03,0.0036710179461280027,0.014825179927872667,0.011614339999404422,-0.00516371219793622,-0.45006226544476374,-0.30394467847417417,0.003210839928468245,-0.14611758697058957,0.6891515014639825
2018-09-04,-0.0013882018712507711,-0.015476912193471698,-0.015897868210240418,-0.006551914069186992,-0.46553917763823544,-0.3198425466844146,0.0004209560167687202,-0.14569663095382085,0.5752295728642973
2018-09-05,-0.0035390046362219142,-0.005374313413979942,-0.003980627955959548,-0.010090918705408906,-0.47091349105221536,-0.32382317464037413,-0.0013936854580203937,-0.14709031641184123,0.43466864153713247
2018-09-06,-0.00046749899994040115,0.002861182471093832,0.0019482419637384396,-0.010558417705349307,-0.4680523085811215,-0.3218749326766357,0.0009129405073553922,-0.14617737590448582,0.5876737642121665
2018-09-07,0.0011238429554499439,-0.021518890497346545,-0.019835901951097412,-0.009434574749899362,-0.4895711990784681,-0.3417108346277331,-0.0016829885462491326,-0.14786036445073497,0.650946883893436
2018-09-10,-0.006173437850124912,-0.0006936666228689028,0.00033634059258069726,-0.015608012600024274,-0.490264865701337,-0.3413744940351524,-0.0010300072154496,-0.14889037166618457,0.6836700389682246
2018-09-11,0.0007069364834224956,-0.00018220308251450985,-0.001116290743309989,-0.01490107611660178,-0.49044706878385147,-0.3424907847784624,0.000934087660795479,-0.14795628400538907,0.7439971510175076
2018-09-12,-0.000671871000509203,0.007413495845464003,0.007766634415473206,-0.015572947117110983,-0.48303357293838745,-0.3347241503629892,-0.00035313857000920327,-0.14830942257539825,0.5089892641808837
2018-09-13,0.003448936672906973,-0.010700972020274499,-0.010182531818948348,-0.01212401044420401,-0.4937345449586619,-0.34490668218193754,-0.0005184402013261504,-0.14882786277672438,0.625050181404112
2018-09-14,-0.004673196051366567,-0.019582580786212375,-0.015683081255565057,-0.016797206495570576,-0.5133171257448743,-0.3605897634375026,-0.0038994995306473185,-0.15272736230737172,0.547925367114956
2018-09-17,0.008822693914029877,0.0237792142587685,0.01759978966050646,-0.007974512581540699,-0.4895379114861058,-0.34298997377699614,0.00617942459826204,-0.14654793770910968,0.6937044228808119
2018-09-18,0.004831669858639275,0.012942538116016564,0.010652405736603754,-0.0031428427229014235,-0.4765953733700892,-0.3323375680403924,0.0022901323794128105,-0.14425780532969684,0.6681617457142872
2018-09-19,0.002119301415046975,-0.0018468280949593004,-0.003714547441022731,-0.0010235413078544483,-0.4784422014650485,-0.3360521154814151,0.0018677193460634304,-0.1423900859836334,0.5675602441148824
2018-09-20,0.001267173896633037,0.011267091213104957,0.012065655993273694,0.00024363258877858874,-0.4671751102519436,-0.3239864594881414,-0.0007985647801687368,-0.14318865076380216,0.5772153180863299
2018-09-21,0.0012168548622161705,-0.001931104041115256,-0.003196801566856422,0.0014604874509947592,-0.4691062142930588,-0.32718326105499784,0.001265697525741166,-0.14192295323806098,0.6624474010103993
2018-09-25,-0.0011242806252702916,0.0031813623937167793,0.004267184414993963,0.00033620682572446767,-0.465924851899342,-0.3229160766400039,-0.0010858220212771837,-0.14300877525933814,0.7431943570101252
2018-09-26,-0.006470941691717451,-0.022039905846903556,-0.014327114231253546,-0.006134734865992983,-0.4879647577462456,-0.3372431908712574,-0.00771279161565001,-0.15072156687498817,0.8999012334309817
2018-09-27,-1.6243623018924913e-05,0.007989495959209543,0.008372575480942501,-0.006150978489011908,-0.47997526178703603,-0.3288706153903149,-0.00038307952173295863,-0.1511046463967211,0.6118882105764346
2018-09-28,-0.015594664777422043,-0.043960061760655166,-0.03464786911373707,-0.02174564326643395,-0.5239353235476912,-0.363518484504052,-0.009312192646918092,-0.16041683904363924,0.7074600330032809
2018-10-08,0.002497265562499776,0.004241714421661231,0.00026963005150193453,-0.019248377703934172,-0.51969360912603,-0.36324885445255006,0.003972084370159296,-0.15644475467347996,0.647909819174997
2018-10-09,0.002395152197391628,0.0011914347458590526,-0.0013094582922370535,-0.016853225506542543,-0.518502174380171,-0.3645583127447871,0.002500893038096106,-0.15394386163538387,0.6835525981959405
2018-10-10,-0.034032832223520625,-0.09921951111059958,-0.07681348157424672,-0.05088605773006317,-0.6177216854907706,-0.44137179431903384,-0.02240602953635286,-0.17634989117173672,0.6079647720442981
2018-10-11,-0.00701636852087971,-0.017118207420545845,-0.006512193127505839,-0.05790242625094288,-0.6348398929113164,-0.4478839874465397,-0.010606014293040006,-0.1869559054647767,0.5166814010272532
2018-10-12,0.004686113561674627,-0.010992654412131828,-0.015663215146130227,-0.05321631268926825,-0.6458325473234482,-0.4635472025926699,0.004670560733998399,-0.1822853447307783,0.4871844371786952
2018-10-15,-0.0016515528533660286,-0.02088738023629233,-0.022668122081030972,-0.05486786554263428,-0.6667199275597405,-0.4862153246737009,0.0017807418447386425,-0.18050460288603964,0.5360379259023341
2018-10-16,0.00320912347194496,0.009497613908960189,0.007254108613031107,-0.05165874207068932,-0.6572223136507803,-0.47896121606066977,0.0022435052959290814,-0.17826109759011055,0.6395955690989852
2018-10-17,-0.01786987746895401,-0.04547826451659651,-0.033824209009619466,-0.06952861953964333,-0.7027005781673769,-0.5127854250702892,-0.011654055506977047,-0.18991515309708762,0.5183384953069263
2018-10-18,0.003525685296925615,0.022802201614333006,0.0218797491835776,-0.06600293424271772,-0.6798983765530439,-0.49090567588671163,0.0009224524307554043,-0.18899270066633223,0.44985439413660755
2018-10-19,0.016675130037385754,0.05761280937526245,0.04866479408407187,-0.04932780420533196,-0.6222855671777814,-0.44224088180263976,0.008948015291190575,-0.18004468537514162,0.5184397439399253
2018-10-22,0.0024695551649336583,-0.013801460470690542,-0.016685810456916528,-0.04685824904039831,-0.6360870276484719,-0.4589266922595563,0.002884349986225986,-0.17716033538891562,0.49092397174886576
2018-10-23,0.0010846599870458682,0.0012048945412152794,-0.0003437404655866061,-0.04577358905335244,-0.6348821331072566,-0.4592704327251429,0.0015486350068018855,-0.1756117003821137,0.5670241443351021
2018-10-24,-0.004718820255493181,-0.010175604099689286,-0.007388352090723416,-0.05049240930884562,-0.6450577372069459,-0.4666587848158663,-0.00278725200896587,-0.1783989523910796,0.6788059764162994
2018-10-25,0.007341399342801779,0.0065248177282790885,0.0032504618183661904,-0.04315100996604384,-0.6385329194786669,-0.4634083229975001,0.003274355909912898,-0.17512459648116674,0.703169140606774
2018-10-26,0.0024650910827203943,-0.013993792962718875,-0.014504446167419971,-0.040685918883323444,-0.6525267124413857,-0.4779127691649201,0.0005106532047010962,-0.17461394327646562,0.804971777161509
2018-10-29,-0.0071795764061436005,0.006250497226731778,0.009255038005537841,-0.04786549528946704,-0.646276215214654,-0.46865773115938225,-0.003004540778806063,-0.1776184840552717,0.6249397195565897
2018-10-30,0.0012934530528070976,0.01515316650947317,0.014641803376814977,-0.04657204223665994,-0.6311230487051808,-0.4540159277825673,0.0005113631326581925,-0.1771071209226135,0.6172521276369973
2018-10-31,0.0038718183644664474,0.007704161104287971,0.006370411498542339,-0.04270022387219349,-0.6234188876008928,-0.44764551628402494,0.001333749605745632,-0.17577337131686788,0.4762950706986586
2018-11-01,0.004258826804174841,0.03130663495882696,0.030123928579055104,-0.038441397068018655,-0.5921122526420659,-0.41752158770496983,0.0011827063797718584,-0.17459066493709607,0.47545668135637004
2018-11-02,0.001493879454120848,0.011483586886611373,0.007426926863747241,-0.03694751761389781,-0.5806286657554546,-0.4100946608412226,0.004056660022864133,-0.17053400491423198,0.6895555894293877
2018-11-05,-0.0025111532174350235,-0.0021088755117593546,0.0010666960737850673,-0.03945867083133283,-0.5827375412672139,-0.4090279647674375,-0.003175571585544422,-0.17370957649977636,0.7687314148213865
2018-11-06,-0.000785358399150616,-0.0027215576920939554,-0.00223426853444586,-0.040244029230483445,-0.5854590989593078,-0.4112622333018834,-0.0004872891576480952,-0.17419686565742443,0.962490389428925
2018-11-07,-0.0010051162228790417,-0.0030697797710183593,-0.004464147780245398,-0.04124914545336249,-0.5885288787303262,-0.4157263810821288,0.0013943680092270384,-0.17280249764819744,0.722737838831505
2018-11-08,-0.0022273778519445783,-0.002752626635569843,-0.0024448884746295363,-0.04347652330530707,-0.5912815053658961,-0.4181712695567583,-0.00030773816094030676,-0.17311023580913776,0.6087538542465956
2018-11-09,-0.008616720378266477,0.02691005708561389,0.029409094007878167,-0.05209324368357354,-0.5643714482802822,-0.38876217554888015,-0.0024990369222642785,-0.17560927273140203,0.706024674929125
2018-11-12,-0.009375887945243931,0.016652221766389856,0.019626329898743577,-0.061469131628817474,-0.5477192265138924,-0.3691358456501366,-0.0029741081323537213,-0.1785833808637558,0.5902642764219916
2018-11-13,-0.0031432119468413084,0.00016062478274140354,0.00016233071456817072,-0.06461234357565879,-0.547558601731151,-0.3689735149355684,-1.7059318267671807e-06,-0.1785850867955826,0.47165282090608585
2018-11-14,-0.0028237297088892664,0.01690915555676302,0.016531238891584366,-0.06743607328454805,-0.530649446174388,-0.35244227604398404,0.0003779166651786542,-0.178207170130404,0.6385055177374629
2018-11-15,-0.011095673008318967,0.0075180919219480545,0.0108008591298141,-0.07853174629286702,-0.52313135425244,-0.34164141691416994,-0.0032827672078660454,-0.18148993733827,0.6503001183345946
2018-11-16,0.0007245513962863802,0.003820720232691023,0.003751231495787266,-0.07780719489658064,-0.519310634019749,-0.33789018541838267,6.94887369037567e-05,-0.1814204486013663,0.7278794906957096
2018-11-19,0.012852625008640881,-0.020984369433726485,-0.026781423776723656,-0.06495456988793975,-0.5402950034534755,-0.3646716091951063,0.005797054342997172,-0.17562339425836915,0.7947225102276593
2018-11-20,-0.004803933216321999,0.006248976980500901,0.0072791913035938904,-0.06975850310426175,-0.5340460264729746,-0.35739241789151244,-0.0010302143230929896,-0.17665360858146217,0.7416891577215394
2018-11-21,0.006412694885037987,0.004550632885709212,0.0006382482984719218,-0.06334580821922377,-0.5294953935872654,-0.3567541695930405,0.0039123845872372906,-0.17274122399422487,0.6981045850247737
2018-11-22,0.0065390923606931045,-0.04496236430681372,-0.043835119310219994,-0.056806715858530664,-0.574457757894079,-0.4005892889032605,-0.0011272449965937237,-0.17386846899081854,0.5848681605933287
2018-11-23,-0.0016391596448050978,-0.002528424899017795,-0.001808072282443618,-0.05844587550333576,-0.5769861827930969,-0.4023973611857041,-0.0007203526165741772,-0.17458882160739275,0.6452763684397795
2018-11-26,0.004529404720394617,0.010384481448256563,0.008148561139552868,-0.053916470782941144,-0.5666017013448403,-0.39424880004615126,0.002235920308703695,-0.17235290129868908,0.7008184120106065
2018-11-27,0.007093710708787892,0.014204520978877106,0.012113056359806862,-0.04682276007415325,-0.5523971803659632,-0.3821357436863444,0.002091464619070244,-0.1702614366796188,0.6032680574080406
2018-11-28,-0.007090999117567963,-0.030410945692250346,-0.02380349967059736,-0.053913759191721214,-0.5828081260582135,-0.40593924335694176,-0.006607446021652984,-0.17686888270127177,0.6546648181115859
2018-11-29,0.00272794849303793,0.006599764161855397,0.006655961867842564,-0.05118581069868328,-0.5762083618963582,-0.3992832814890992,-5.6197705987166315e-05,-0.17692508040725896,0.5842652133156179
2018-11-30,0.011647477437058027,0.03895516011399612,0.032617033507197135,-0.03953833326162526,-0.537253201782362,-0.36666624798190206,0.0063381266067989855,-0.17058695380045996,0.6531094629199783
2018-12-03,0.00448150795680529,0.013166999177605497,0.00909502443247412,-0.03505682530481997,-0.5240862026047566,-0.35757122354942794,0.0040719747451313775,-0.16651497905532864,0.6698496023115947
2018-12-04,-0.005459510241247131,-0.012260787486068283,-0.006039015260901337,-0.040516335546067095,-0.5363469900908249,-0.3636102388103293,-0.006221772225166946,-0.1727367512804956,0.6695157937951297
2018-12-05,0.002031451051373888,-0.018218159224455934,-0.01803141896468219,-0.03848488449469321,-0.5545651493152808,-0.38164165777501147,-0.0001867402597737454,-0.17292349154026931,0.6462029351709592
2018-12-06,0.0019514793587979812,0.0003879670815502523,0.0002090498514366601,-0.036533405135895224,-0.5541771822337306,-0.3814326079235748,0.0001789172301135922,-0.17274457431015577,0.7286296440338521
2018-12-07,0.0025518226985456038,-0.011915230801717695,-0.011752635695952307,-0.03398158243734962,-0.5660924130354483,-0.3931852436195271,-0.00016259510576538752,-0.1729071694159212,0.7202968716012531
2018-12-10,0.001203343341263527,0.01090581851738181,0.009333622423188359,-0.03277823909608609,-0.5551865945180665,-0.38385162119633875,0.0015721960941934513,-0.17133497332172776,0.5998100719068247
2018-12-11,0.003191221714387235,0.0014827594481723494,-0.00034907283485097196,-0.029587017381698857,-0.5537038350698942,-0.3842006940311897,0.0018318322830233214,-0.16950314103870445,0.6757084546422613
2018-12-12,-0.00010540109694083702,0.00772521262755205,0.009469054288491208,-0.029692418478639692,-0.5459786224423421,-0.3747316397426985,-0.0017438416609391579,-0.17124698269964356,0.4680408883772624
2018-12-13,-0.017178057013274486,-0.036883729918869824,-0.0259069813173447,-0.04687047549191418,-0.5828623523612119,-0.4006386210600432,-0.010976748601525123,-0.18222373130116865,0.6038970655560999
2018-12-14,0.0009391716198436091,0.0004093577835096567,-0.0031631736508703767,-0.04593130387207057,-0.5824529945777022,-0.4038017947109136,0.0035725314343800336,-0.17865119986678857,0.624217609370651
2018-12-17,-0.00039504596461870274,-0.007380995118827064,-0.006638952634659745,-0.04632634983668927,-0.5898339896965292,-0.41044074734557334,-0.0007420424841673191,-0.17939324235095588,0.6393316613145095
2018-12-18,-0.002621706380807976,-0.014125598295946286,-0.01384765954552769,-0.048948056217497246,-0.6039595879924755,-0.42428840689110103,-0.00027793875041859546,-0.17967118110137448,0.8776205890842457
2018-12-19,0.001885728883761403,0.006368417818658443,0.0037870833305255758,-0.047062327333735846,-0.597591170173817,-0.42050132356057546,0.002581334488132867,-0.17708984661324156,0.6901553918126451
2018-12-20,-0.002471716101546522,-0.008348878627630079,-0.007237820594117039,-0.049534043435282366,-0.6059400488014471,-0.4277391441546925,-0.0011110580335130394,-0.17820090464675464,0.6934667004106007
2018-12-21,0.0039401201664587895,0.010210659993059831,0.008932885725965178,-0.045593923268823576,-0.5957293888083873,-0.4188062584287273,0.0012777742670946526,-0.17692313037966,0.5118239351457138
2018-12-24,-0.0075803632159158595,-0.01575239835016515,-0.009633098531972806,-0.05317428648473944,-0.6114817871585525,-0.4284393569607001,-0.006119299818192345,-0.18304243019785238,0.581873207257518
2018-12-25,-0.0015470762341758613,-0.004927044022599836,-0.004466594876472385,-0.0547213627189153,-0.6164088311811523,-0.4329059518371725,-0.0004604491461274512,-0.1835028793439798,0.6706814695541692
2018-12-26,-0.007887979659607138,-0.022257151700831042,-0.01566199088918374,-0.06260934237852243,-0.6386659828819834,-0.44856794272635625,-0.006595160811647301,-0.19009804015562715,0.5843679068377693
2018-12-27,0.0029388666524525512,0.002175569250984376,0.0012130765965281398,-0.059670475726069885,-0.636490413630999,-0.4473548661298281,0.0009624926544562363,-0.1891355475011709,0.6239733506182443
2018-12-28,0.0039684608323660685,-0.0008042479256164962,-0.004864744744491389,-0.05570201489370381,-0.6372946615566155,-0.4522196108743195,0.0040604968188748935,-0.18507505068229602,0.6321352477129633
2019-01-02,0.0008679883455077203,-0.007675538472773774,-0.007209050693329999,-0.054834026548196094,-0.6449702000293893,-0.4594286615676495,-0.00046648777944377495,-0.18554153846173982,0.5694746114642342
2019-01-03,0.007880810843210554,0.030965921139604183,0.027277970536404794,-0.04695321570498554,-0.6140042788897851,-0.4321506910312447,0.0036879506031993886,-0.18185358785854044,0.6221749063424642
2019-01-04,0.001756723902809484,0.02206137660028177,0.021174231613761307,-0.04519649180217606,-0.5919429022895034,-0.4109764594174834,0.000887144986520462,-0.18096644287202002,0.649461815291057
2019-01-07,0.003998513145797277,-0.00022472444813708878,-0.001986169200630883,-0.04119797865637878,-0.5921676267376405,-0.4129626286181143,0.001761444752493794,-0.17920499811952617,0.5056242399720369
2019-01-08,0.00813418140165122,0.006319410676138723,0.0021146504889717477,-0.033063797254727564,-0.5858482160615017,-0.41084797812914253,0.004204760187166976,-0.1750002379323592,0.6013256250615875
2019-01-09,-0.000778581292529863,-0.0015956255596428412,-0.0026708971888265154,-0.033842378547257426,-0.5874438416211446,-0.41351887531796905,0.0010752716291836742,-0.17392496630317555,0.7000653891684626
2019-01-10,-0.003117787480884955,0.008317898318612568,0.008502355020258534,-0.03696016602814238,-0.5791259433025321,-0.4050165202977105,-0.00018445670164596653,-0.17410942300482157,0.7545264783931674
2019-01-11,-0.0014599845930521277,-0.006607637190465989,-0.0059508188635017945,-0.038420150621194506,-0.5857335804929981,-0.4109673391612123,-0.0006568183269641944,-0.17476624133178575,0.8209732500104844
2019-01-14,0.0037853908062838847,0.011713464688490917,0.010819410902016102,-0.03463475981491062,-0.5740201158045072,-0.4001479282591962,0.0008940537864748146,-0.17387218754531097,0.6089524540835043
2019-01-15,0.002593259726187812,-0.0005985664491571501,-0.0015018486314648527,-0.03204150008872281,-0.5746186822536643,-0.40164977689066106,0.0009032821823077026,-0.17296890536300324,0.6671916263641158
2019-01-16,0.0002743028823059011,-0.009733559797366457,-0.009034636209930724,-0.03176719720641691,-0.5843522420510308,-0.4106844131005918,-0.0006989235874357326,-0.17366782895043897,0.645930386220363
2019-01-17,-0.0021872354011396524,0.0025684250768634614,0.0067064066707889225,-0.03395443260755656,-0.5817838169741673,-0.40397800642980286,-0.0041379815939254615,-0.1778058105443644,0.6580440528035023
2019-01-18,0.004670769132217402,0.008733106775773096,0.0061838321603762125,-0.02928366347533916,-0.5730507101983942,-0.39779417426942665,0.0025492746153968834,-0.1752565359289675,0.7597877943788027
2019-01-21,-0.0022717515453732303,-0.012108039862502296,-0.011213326276042324,-0.031555415020712387,-0.5851587500608965,-0.40900750054546897,-0.0008947135864599727,-0.1761512495154275,0.6096225442226375
2019-01-22,-0.0039172155726253256,5.643952080344559e-05,0.0014044261022441162,-0.03547263059333771,-0.585102310540093,-0.40760307444322486,-0.0013479865814406706,-0.17749923609686813,0.7308619228812739
2019-01-23,0.0035297104672136785,0.006401154720642462,0.005640667605446126,-0.031942920126124034,-0.5787011558194505,-0.40196240683777873,0.0007604871151963366,-0.17673874898167174,0.7132785811593172
2019-01-24,-0.009689090548895994,-0.01491344643348225,-0.0060154716399853925,-0.04163201067502003,-0.5936146022529327,-0.4079778784777641,-0.008897974793496858,-0.1856367237751686,0.6955214944254722
2019-01-25,-0.0017714554754119452,-0.011976203449122742,-0.008181390766456076,-0.043403466150431974,-0.6055908057020555,-0.4161592692442202,-0.003794812682666666,-0.18943153645783528,0.6737080839485723
2019-01-28,-0.010586607063785341,-0.026245312876297108,-0.017736448581528563,-0.05399007321421732,-0.6318361185783525,-0.43389571782574876,-0.008508864294768544,-0.19794040075260377,0.6363495726111577
2019-01-29,-0.012963352111827453,-0.025418175514405117,-0.015015271074853231,-0.06695342532604477,-0.6572542940927577,-0.448910988900602,-0.010402904439551885,-0.20834330519215571,0.5926664156681057
2019-01-30,-0.026293413426850456,-0.034745928904830775,-0.015355259517081166,-0.09324683875289523,-0.6920002229975885,-0.46426624841768316,-0.01939066938774961,-0.2277339745799053,0.600609801714938
2019-01-31,0.02200314693389428,0.041088029274271735,0.028795611898468465,-0.07124369181900095,-0.6509121937233168,-0.4354706365192147,0.01229241737580327,-0.21544155720410207,0.5333401460803339
2019-02-01,0.026105004383589255,0.042969749562340356,0.028335511882730202,-0.04513868743541169,-0.6079424441609764,-0.4071351246364845,0.014634237679610154,-0.20080731952449193,0.40187109460688636
2019-02-11,0.01601298368995081,0.023648797174682074,0.01377381938684863,-0.02912570374546088,-0.5842936469862944,-0.39336130524963586,0.009874977787833444,-0.19093234173665852,0.43912314423367127
2019-02-12,0.009360685019600678,0.023020675853306232,0.017812511533353614,-0.0197650187258602,-0.5612729711329881,-0.37554879371628225,0.005208164319952618,-0.18572417741670588,0.5266119960523162
2019-02-13,0.0031038952414375407,0.007635591713556701,0.004238743485574403,-0.01666112348442266,-0.5536373794194315,-0.37131005023070784,0.003396848227982298,-0.18232732918872363,0.7543714956500865
2019-02-14,-0.0031791255950752526,-0.0017419470450597222,-0.0013669672963825263,-0.019840249079497912,-0.5553793264644912,-0.37267701752709037,-0.00037497974867719587,-0.1827023089374008,0.9230744074542373
2019-02-15,-0.01726273361461896,0.026402373281895278,0.034864522693005995,-0.03710298269411687,-0.5289769531825959,-0.3378124948340844,-0.008462149411110717,-0.19116445834851148,0.7394007066665247
2019-02-18,-0.013188460810972214,0.000700965802638743,0.004214397271095294,-0.05029144350508908,-0.5282759873799571,-0.3335980975629891,-0.0035134314684565505,-0.19467788981696799,0.5538426298966674
2019-02-19,0.001480655072554164,0.0009916544644074927,0.000662243377338001,-0.04881078843253492,-0.5272843329155495,-0.3329358541856511,0.00032941108706949175,-0.19434847872989847,0.45029774125940003
2019-02-20,0.001698370659165391,-0.0035989438002357057,-0.003909635141754464,-0.047112417773369525,-0.5308832767157853,-0.33684548932740555,0.00031069134151875824,-0.19403778738837973,0.5106784061588052
2019-02-21,-0.010324637800502613,0.01619845035890064,0.022355149241992223,-0.05743705557387214,-0.5146848263568846,-0.3144903400854133,-0.006156698883091581,-0.2001944862714713,0.5761240419801099
2019-02-22,-0.014486417057377599,0.043160580493954874,0.05100182938014264,-0.07192347263124974,-0.47152424586292974,-0.2634885107052707,-0.007841248886187764,-0.20803573515765905,0.562636720797751
2019-02-25,-0.0006471001668916343,-0.0014170070187843173,-9.197967569285481e-05,-0.07257057279814137,-0.47294125288171407,-0.26358049038096354,-0.0013250273430914625,-0.20936076250075053,0.6170117620028382
2019-02-26,-0.00098163256407492,-0.004460853879698433,-0.0025358034190077205,-0.0735522053622163,-0.4774021067614125,-0.26611629379997126,-0.0019250504606907123,-0.21128581296144122,0.4117910284312064
2019-02-27,0.011731066361347306,0.00985378624193764,0.003771347094723154,-0.06182113900086899,-0.4675483205194748,-0.2623449467052481,0.006082439147214486,-0.2052033738142267,0.6995597105685231
2019-02-28,-0.002437973637791661,0.005436938442519353,0.006363338467725299,-0.06425911263866065,-0.46211138207695546,-0.2559816082375228,-0.0009264000252059458,-0.20612977383943265,0.7369285183108022
2019-03-01,-0.006688809276690375,0.018382159404864058,0.021746232933098852,-0.07094792191535101,-0.4437292226720914,-0.23423537530442395,-0.003364073528234795,-0.20949384736766746,0.7181563105398171
2019-03-04,0.005392013333349101,0.03346692066828666,0.030892896083425825,-0.06555590858200191,-0.41026230200380476,-0.20334247922099813,0.0025740245848608345,-0.20691982278280663,0.6544434498808994
2019-03-05,-0.000225878814021249,0.021635847888920947,0.02146253429039824,-0.06578178739602317,-0.38862645411488383,-0.1818799449305999,0.00017331359852270842,-0.20674650918428394,0.4383439474487308
2019-03-06,0.0009535156788457891,0.018075734901736213,0.017217152697520888,-0.06482827171717738,-0.37055071921314764,-0.164662792233079,0.0008585822042153253,-0.20588792698006864,0.6980240521885124
2019-03-07,0.0024161071896943,-0.044941769668158195,-0.042398294775448875,-0.06241216452748308,-0.41549248888130585,-0.20706108700852788,-0.00254347489270932,-0.20843140187277798,0.6992497562511322
2019-03-08,-0.0044034506082498625,0.0393821523766585,0.042235723852588336,-0.06681561513573293,-0.37611033650464737,-0.16482536315593954,-0.0028535714759298364,-0.21128497334870783,0.8374179615454335
2019-03-11,-0.00106262962709853,0.020535247493452723,0.02185411337556431,-0.06787824476283147,-0.35557508901119467,-0.14297124978037523,-0.0013188658821115876,-0.21260383923081944,0.7904053079160542
2019-03-12,0.023341147708140268,-0.012219175484151084,-0.023507646992738884,-0.0445370970546912,-0.36779426449534575,-0.16647889677311412,0.0112884715085878,-0.20131536772223163,0.4641237999473252
2019-03-13,0.019485663631510105,-0.022067631954144122,-0.030755158709034447,-0.025051433423181096,-0.3898618964494899,-0.19723405548214856,0.008687526754890325,-0.1926278409673413,0.4388761692375927
2019-03-14,-0.0011623797307758993,0.015052177114381091,0.015377548156084941,-0.026213813153956995,-0.37480971933510876,-0.18185650732606362,-0.0003253710417038501,-0.19295321200904514,0.7971465834888598
2019-03-15,0.013936795699730466,0.029272353159364925,0.023815307638752614,-0.012277017454226529,-0.3455373661757438,-0.158041199687311,0.005457045520612311,-0.1874961664884328,0.7961473840790071
2019-03-18,0.002552987428360597,0.004895644867667255,0.004311755120621541,-0.009724030025865932,-0.3406417213080766,-0.15372944456668947,0.0005838897470457141,-0.1869122767413871,0.628304544339795
2019-03-19,-0.000586823716903383,-0.002861707755443246,-0.0026523265564595278,-0.010310853742769315,-0.3435034290635198,-0.156381771123149,-0.0002093811989837182,-0.18712165794037083,0.4709936337799007
2019-03-20,0.008315293490864538,0.01537517327810934,0.010819965953382749,-0.001995560251904777,-0.3281282557854105,-0.14556180516976625,0.0045552073247265915,-0.18256645061564425,0.5069483409851188
2019-03-21,-0.0024721045006210114,0.001301876431558776,0.00398283451677095,-0.004467664752525788,-0.3268263793538517,-0.1415789706529953,-0.002680958085212174,-0.18524740870085643,0.723012440299071
2019-03-22,-0.002261805457497784,-0.010470422344328982,-0.00886961129699948,-0.006729470210023572,-0.3372968016981807,-0.15044858194999478,-0.001600811047329502,-0.18684821974818594,0.8471164133546261
2019-03-25,0.0053473395621350785,-0.02747219082460598,-0.02946225347363729,-0.0013821306478884934,-0.3647689925227867,-0.17991083542363207,0.0019900626490313086,-0.18485815709915465,0.6321712044748042
2019-03-26,-0.003229652513066208,0.003970763667088529,0.0065721238109670566,-0.004611783160954701,-0.3607982288556982,-0.173338711612665,-0.0026013601438785276,-0.18745951724303317,0.6794107582322331
2019-03-27,0.0011801557499942,-0.016120757089635875,-0.013592907873633209,-0.0034316274109605013,-0.3769189859453341,-0.18693161948629822,-0.002527849216002666,-0.18998736645903586,0.657953716028216
2019-03-28,0.010418009574144816,0.03141999405843329,0.028022666471258617,0.006986382163184314,-0.3454989918869008,-0.1589089530150396,0.0033973275871746755,-0.1865900388718612,0.6348349259530502
2019-03-29,0.008598665810415827,0.042566984433323504,0.037604635000255016,0.015585047973600141,-0.3029320074535773,-0.12130431801478458,0.004962349433068489,-0.1816276894387927,0.5481744536304137
2019-04-01,0.003379588324415652,0.008351688367278098,0.0060440175281932795,0.018964636298015793,-0.29458031908629917,-0.1152603004865913,0.0023076708390848185,-0.17932001859970786,0.45847117974429746
2019-04-02,0.0035881661841137896,0.012598104694884817,0.010002340730247639,0.022552802482129583,-0.28198221439141435,-0.10525795975634367,0.0025957639646371784,-0.1767242546350707,0.5547030523608845
2019-04-03,-0.0018417282414360454,0.0011589734697882905,0.0036894244102061435,0.020711074240693537,-0.2808232409216261,-0.10156853534613752,-0.002530450940417853,-0.17925470557548856,0.7308717970557415
2019-04-04,0.0018350205694763087,-0.0029852613054366537,-0.004780621208452018,0.022546094810169847,-0.2838085022270627,-0.10634915655458954,0.0017953599030153646,-0.17745934567247318,0.7965525898032808
2019-04-08,0.0036475591070999442,0.005284525737045509,0.002439666458665002,0.026193653917269792,-0.2785239764900172,-0.10390949009592454,0.002844859278380507,-0.17461448639409266,0.8099505511173539
2019-04-09,-0.0005246253605967543,-0.002570375126208238,-0.0015584318389745277,0.025669028556673038,-0.2810943516162254,-0.10546792193489907,-0.0010119432872337103,-0.17562642968132636,0.6750514841594443
2019-04-10,0.0013162353874904193,-0.01882172820240581,-0.02086446656614882,0.026985263944163458,-0.2999160798186312,-0.1263323885010479,0.00204273836374301,-0.17358369131758333,0.5671755675695407
2019-04-11,0.006993896692707595,0.0003785791898779484,-0.0009412234286951815,0.03397916063687105,-0.2995375006287533,-0.12727361192974307,0.00131980261857313,-0.17226388869901021,0.6431416359391797
2019-04-12,-0.0010909193483056663,-0.008996957373085585,-0.00808873999646842,0.032888241288565385,-0.3085344580018389,-0.1353623519262115,-0.0009082173766171656,-0.17317210607562739,0.6616375753894291
2019-04-15,0.0034221194076446415,0.021516048254792017,0.02088856723367094,0.03631036069621003,-0.28701840974704684,-0.11447378469254055,0.0006274810211210763,-0.1725446250545063,0.6513442606413874
2019-04-16,-0.00500667304151545,0.006169277710681306,0.008749932787742054,0.03130368765469458,-0.2808491320363655,-0.1057238519047985,-0.002580655077060748,-0.17512528013156703,0.6762323260235515
2019-04-17,-0.0020454818494379007,-0.006507707529586518,-0.00502794520170724,0.02925820580525668,-0.28735683956595204,-0.11075179710650573,-0.0014797623278792775,-0.1766050424594463,0.599098250275286
2019-04-18,-0.0031032424845576874,0.007707435833864127,0.0084134053506979,0.02615496332069899,-0.2796494037320879,-0.10233839175580783,-0.0007059695168337727,-0.17731101197628008,0.6498349371110731
2019-04-19,-0.0028360582467544747,-0.014136904740003103,-0.010140022896665712,0.023318905073944518,-0.29378630847209103,-0.11247841465247355,-0.00399688184333739,-0.18130789381961748,0.7826796665023363
2019-04-22,0.013143639313045043,-0.016105983466399115,-0.018561752622606065,0.036462544386989565,-0.30989229193849016,-0.1310401672750796,0.00245576915620695,-0.17885212466341055,0.7510434894948441
2019-04-23,-0.0036380943769530466,0.009208391530493205,0.012283575363113641,0.03282445001003652,-0.300683900407997,-0.11875659191196597,-0.0030751838326204366,-0.181927308496031,0.7275860042201844
2019-04-24,-0.009741090443556784,-0.051312071204011205,-0.04206667654423413,0.023083359566479736,-0.3519959716120082,-0.1608232684562001,-0.009245394659777077,-0.1911727031558081,0.7097447659692692
2019-04-25,0.0038851176724935196,-0.010094239419229677,-0.01116899507375635,0.026968477238973255,-0.36209021103123784,-0.17199226352995645,0.0010747556545266726,-0.1900979475012814,0.6031083292574062
2019-04-26,-0.02199560703940414,-0.05435053611498099,-0.03699392882196939,0.0049728701995691155,-0.4164407471462188,-0.20898619235192584,-0.017356607293011597,-0.20745455479429298,0.6516403906282403
2019-04-29,0.013460309670798937,0.01462627117240763,0.0105711341632162,0.018433179870368053,-0.4018144759738112,-0.19841505818870964,0.004055137009191429,-0.20339941778510157,0.5739940367403056
2019-04-30,-0.03998393000446124,-0.10105004096104912,-0.07972069879001609,-0.021550750134093185,-0.5028645169348603,-0.2781357569787257,-0.021329342171033036,-0.22472875995613462,0.5971442738672764
2019-05-06,0.0037526761531350003,0.013233057761898296,0.012437715654863624,-0.017798073980958184,-0.489631459172962,-0.2656980413238621,0.000795342107034672,-0.22393341784909992,0.5247970420518673
2019-05-07,0.004177622350917421,-0.001443067674453697,-0.0037245963870233822,-0.013620451630040763,-0.4910745268474157,-0.2694226377108855,0.0022815287125696852,-0.22165188913653022,0.48981166331418113
2019-05-08,0.001215052232142601,-0.011214230330678766,-0.010430925460584106,-0.012405399397898162,-0.5022887571780945,-0.2798535631714696,-0.0007833048700946598,-0.22243519400662493,0.4001171226468297
2019-05-09,0.009694932907312747,0.04006028709304437,0.03888813137265501,-0.0027104664905854142,-0.46222847008505014,-0.24096543179881458,0.0011721557203893604,-0.22126303828623556,0.42322944382479516
2019-05-10,-0.0034121102622029723,-0.008691683535155089,-0.007356199680605968,-0.0061225767527883865,-0.47092015362020523,-0.24832163147942055,-0.0013354838545491209,-0.22259852214078468,0.5961734582056539
2019-05-13,0.0010971862746242094,-0.008241120220866833,-0.006940169441648436,-0.005025390478164177,-0.47916127384107204,-0.255261800921069,-0.0013009507792183968,-0.22389947292000306,0.4724294534724787
2019-05-14,0.0007604269782786593,0.020712693223392812,0.021771820381703222,-0.004264963499885518,-0.45844858061767924,-0.23348998053936576,-0.00105912715831041,-0.22495860007831348,0.7435868505069915
2019-05-15,0.007724980738251097,0.011071812507919014,0.007425103356403895,0.003460017238365579,-0.44737676810976024,-0.22606487718296187,0.0036467091515151196,-0.22131189092679837,0.6972819070405705
2019-05-16,-0.005757068897674408,-0.039030964493761415,-0.036158677486973545,-0.0022970516593088285,-0.48640773260352166,-0.2622235546699354,-0.00287228700678787,-0.22418417793358625,0.6458838007796863
2019-05-17,-0.0034240143256748417,-0.0073125563057223125,-0.0033515576468534647,-0.00572106598498367,-0.49372028890924397,-0.2655751123167889,-0.003960998658868848,-0.2281451765924551,0.750615080269853
2019-05-20,-0.0017121113065405266,0.01787310404616253,0.019550394330629217,-0.007433177291524196,-0.4758471848630814,-0.24602471798615966,-0.0016772902844666877,-0.22982246687692176,0.6579901164567388
2019-05-21,-0.0068277109661782865,-0.009881278854662626,-0.004182824217931369,-0.014260888257702484,-0.48572846371774403,-0.250207542204091,-0.005698454636731257,-0.235520921513653,0.8352677518833873
2019-05-22,-0.0009949223157137946,-0.028409399949434633,-0.02393441280708508,-0.015255810573416278,-0.5141378636671786,-0.2741419550111761,-0.004474987142349552,-0.2399959086560025,0.5922106472658555
2019-05-23,0.008680715646603594,-0.009171493077587677,-0.012810406957022735,-0.006575094926812684,-0.5233093567447663,-0.28695236196819884,0.0036389138794350583,-0.23635699477656746,0.6003763976556649
2019-05-24,0.003260004779378845,0.028975667962245932,0.02915489356025347,-0.003315090147433839,-0.4943336887825204,-0.2577974684079454,-0.00017922559800753746,-0.236536220374575,0.5875960920040822
2019-05-27,0.0026027421100531427,-0.0009030649320304411,-2.0281703903890502e-05,-0.0007123480373806964,-0.49523675371455084,-0.25781775011184926,-0.0008827832281265506,-0.23741900360270157,0.6427862684951623
2019-05-28,0.0014126320014767799,0.003187582764498395,0.004097857257230331,0.0007002839640960835,-0.49204917095005246,-0.25371989285461893,-0.0009102744927319355,-0.23832927809543353,0.6508649477005675
2019-05-29,0.0017630165771133812,-0.007601593206923386,-0.006443502854741823,0.0024633005412094647,-0.49965076415697585,-0.26016339570936076,-0.001158090352181563,-0.2394873684476151,0.5975734446166752
2019-05-30,-0.0008249025233759318,-0.0022947039589481673,-0.001448564296705257,0.001638398017833533,-0.501945468115924,-0.261611960006066,-0.0008461396622429103,-0.24033350810985799,0.6868860304755365
2019-05-31,-0.002909279796935448,-0.019665523192927924,-0.014953833657957105,-0.001270881779101915,-0.5216109913088519,-0.2765657936640231,-0.004711689534970819,-0.2450451976448288,0.7792801892103294
2019-06-03,0.00015411553141707446,-0.018532242902215553,-0.018068145689108306,-0.0011167662476848407,-0.5401432342110675,-0.2946339393531314,-0.00046409721310724725,-0.24550929485793604,0.7782360886827305
2019-06-04,-0.009728797734279272,-0.005653493880674305,-0.00048678989140249485,-0.010845563981964113,-0.5457967280917417,-0.2951207292445339,-0.00516670398927181,-0.2506759988472078,0.6769514851819064
2019-06-05,-0.007067591780074828,-0.030688061154222228,-0.025059976809773232,-0.017913155762038942,-0.5764847892459639,-0.32018070605430715,-0.005628084344448996,-0.25630408319165676,0.5707660261207365
2019-06-06,-0.0005789155274146458,0.01226780607103957,0.013453225009333991,-0.01849207128945359,-0.5642169831749243,-0.30672748104497316,-0.001185418938294422,-0.25748950212995114,0.47106751906269995
2019-06-10,0.021341751506064308,0.046620729933842864,0.03671488096619768,0.002849680216610719,-0.5175962532410814,-0.2700126000787755,0.009905848967645181,-0.2475836531623059,0.5346721478070742
2019-06-11,-0.004809355171444169,-0.00788628547029159,-0.004687710630529196,-0.00195967495483345,-0.525482538711373,-0.2747003107093047,-0.003198574839762394,-0.2507822280020683,0.4877093380600488
2019-06-12,0.007954056937726849,0.011205930802510422,0.00553584212772229,0.005994381982893399,-0.5142766079088625,-0.2691644685815824,0.005670088674788132,-0.24511213932728015,0.5717664640276596
2019-06-13,-0.007627298766687249,-0.028472859279791072,-0.023129321285056292,-0.00163291678379385,-0.5427494671886536,-0.2922937898666387,-0.0053435379947347796,-0.2504556773220149,0.7292503496530185
2019-06-14,0.0011194006089566707,-0.0007324766440997034,-0.002399112930289604,-0.0005135161748371793,-0.5434819438327533,-0.2946929027969283,0.0016666362861899008,-0.248789041035825,0.7186062158431823
2019-06-17,0.004909862639153917,7.579554864322012e-05,3.985835113873293e-05,0.0043963464643167385,-0.54340614828411,-0.29465304444578955,3.593719750448719e-05,-0.2487531038383205,0.6810271427803313
2019-06-18,0.002934856893256715,0.015914689317046156,0.014121622932668387,0.007331203357573453,-0.5274914589670638,-0.28053142151312116,0.0017930663843777686,-0.24696003745394268,0.7333845004355425
2019-06-19,0.00691954258320377,0.017614563474273422,0.01573913525743542,0.014250745940777222,-0.5098768954927905,-0.26479228625568574,0.0018754282168380008,-0.24508460923710473,0.562000197384632
2019-06-20,0.0011522798000745797,0.017670704617328583,0.01654931063572107,0.015403025740851803,-0.4922061908754619,-0.24824297561996467,0.0011213939816075123,-0.24396321525549725,0.4595579464301616
2019-06-21,-0.003271877338170384,-0.002989104136322565,-0.0004147888268821731,0.012131148402681419,-0.4951952950117845,-0.24865776444684684,-0.002574315309440392,-0.24653753056493766,0.49815344950170826
2019-06-24,-0.0038686171226983454,-0.011967498496616337,-0.009689696681142834,0.008262531279983073,-0.5071627935084009,-0.2583474611279897,-0.0022778018154735024,-0.2488153323804112,0.7492379226367655
2019-06-25,4.174693963766991e-05,-0.00011734907138453761,-5.583439117451405e-05,0.008304278219620743,-0.5072801425797854,-0.2584032955191642,-6.151468021002356e-05,-0.2488768470606212,0.8890352031181822
2019-06-26,0.0008855309406362568,0.007191337738446591,0.008592547498313508,0.009189809160257,-0.5000888048413388,-0.24981074802085068,-0.0014012097598669164,-0.2502780568204881,0.7559453666489088
2019-06-27,-0.003593872557818536,-0.017675354067527703,-0.01420642783548054,0.005595936602438465,-0.5177641589088665,-0.2640171758563312,-0.0034689262320471634,-0.2537469830525353,0.6716495237075317
2019-06-28,0.008628734911140842,0.033337799059531006,0.029619464948842378,0.014224671513579307,-0.4844263598493355,-0.23439771090748884,0.0037183341106886286,-0.2500286489418467,0.49117427790247303
2019-07-01,0.0007696643659741452,-0.0009054664690596395,0.00038420696810170796,0.014994335879553452,-0.48533182631839517,-0.23401350393938714,-0.0012896734371613473,-0.25131832237900803,0.5733597536889151
2019-07-02,-0.0023987617289509167,-0.012239007224109616,-0.010080850183308954,0.012595574150602536,-0.49757083354250475,-0.2440943541226961,-0.0021581570408006623,-0.25347647941980866,0.5563383486022587
2019-07-03,-0.0019016812098451707,-0.005756436901754956,-0.004455066475607339,0.010693892940757364,-0.5033272704442597,-0.24854942059830343,-0.0013013704261476168,-0.2547778498459563,0.6844786167606536
2019-07-04,0.0004464404621510736,0.002920480287631915,0.0036692942938945095,0.011140333402908438,-0.5004067901566278,-0.24488012630440892,-0.0007488140062625946,-0.2555266638522189,0.7688883926348155
2019-07-05,-0.012461867673277052,-0.04225692944763975,-0.033744388007399095,-0.0013215342703686139,-0.5426637196042675,-0.278624514311808,-0.008512541440240655,-0.2640392052924595,0.6417965700510925
2019-07-08,7.777324622698851e-05,0.0035037931857860743,0.0030610204787748785,-0.0012437610241416252,-0.5391599264184814,-0.27556349383303314,0.0004427727070111958,-0.2635964325854483,0.6878589239211186
2019-07-09,-0.0008631432631657733,-0.008991200789666523,-0.008725488121823943,-0.0021069042873073985,-0.548151127208148,-0.2842889819548571,-0.0002657126678425794,-0.2638621452532909,0.6823658395350163
2019-07-10,0.0013670122541097729,-0.00032394451807617766,-0.0015824907424839552,-0.0007398920331976257,-0.5484750717262241,-0.28587147269734103,0.0012585462244077774,-0.2626035990288831,0.577883773446688
2019-07-11,0.0023764033906511655,0.0024314096527690613,0.0024536375839119273,0.0016365113574535399,-0.546043662073455,-0.2834178351134291,-2.2227931142866034e-05,-0.2626258269600259,0.6227523456787203
2019-07-12,-0.002891092954245442,0.007052985151379454,0.010411984133281038,-0.001254581596791902,-0.5389906769220756,-0.27300585098014807,-0.0033589989819015845,-0.2659848259419275,0.5430767175539442
2019-07-15,0.0014762028855982105,0.00485927761411257,0.00216197691044151,0.00022162128880630848,-0.534131399307963,-0.27084387406970656,0.0026973007036710604,-0.2632875252382565,0.5782318810549705
2019-07-16,0.003127207734559373,0.0016222290964534062,0.0007934823131172664,0.003348829023365681,-0.5325091702115097,-0.2700503917565893,0.0008287467833361399,-0.2624587784549204,0.6754578576624498
2019-07-17,-0.005546159706252161,-0.021712972071361757,-0.018089479139321796,-0.00219733068288648,-0.5542221422828715,-0.2881398708959111,-0.0036234929320399616,-0.2660822713869604,0.6327241431302202
2019-07-18,-0.0011583244587800917,0.0038402090001075726,0.004882680028902797,-0.0033556551416665716,-0.5503819332827639,-0.2832571908670083,-0.0010424710287952246,-0.26712474241575557,0.6761475476985022
2019-07-19,-0.004035244750116235,-0.03188195066399022,-0.02850459428170815,-0.007390899891782807,-0.5822638839467541,-0.31176178514871644,-0.003377356382282072,-0.27050209879803766,0.6534109742924407
2019-07-22,-0.0001732453913594499,0.013867939594475614,0.011321497460883734,-0.007564145283142257,-0.5683959443522785,-0.3004402876878327,0.00254644213359188,-0.26795565666444576,0.5996140955865241
2019-07-23,0.005207520854462327,0.014033570279927217,0.012344172798695041,-0.00235662442867993,-0.5543623740723512,-0.28809611488913767,0.001689397481232176,-0.26626625918321356,0.7330548784865879
2019-07-24,0.0009032843524936346,0.003050868149005524,0.003124533217562231,-0.0014533400761862954,-0.5513115059233457,-0.28497158167157544,-7.366506855670685e-05,-0.2663399242517702,0.5829941637216648
2019-07-25,0.00027281025979432067,0.0006068531106011044,0.0010579527745893103,-0.0011805298163919747,-0.5507046528127445,-0.2839136288969861,-0.00045109966398820583,-0.2667910239157584,0.5374406567585803
2019-07-26,-0.004967425374062355,-0.0027513060502372365,0.0004563807518511709,-0.0061479551904543295,-0.5534559588629817,-0.28345724814513495,-0.0032076868020884074,-0.26999871071784676,0.6960676765882352
2019-07-29,0.004721202856406926,0.006106879013225486,0.003965124688075861,-0.0014267523340474033,-0.5473490798497562,-0.2794921234570591,0.002141754325149625,-0.26785695639269713,0.6329843531863792
2019-07-30,-0.006556056959444488,-0.011510107883049833,-0.007590900676701651,-0.007982809293491891,-0.5588591877328061,-0.28708302413376074,-0.0039192072063481825,-0.27177616359904533,0.7568726513772256
2019-07-31,-0.006995213475961338,-0.008138036315642763,-0.0051797594716411766,-0.014978022769453229,-0.5669972240484489,-0.2922627836054019,-0.0029582768440015866,-0.27473444044304696,0.6261818134539654
2019-08-01,-0.006507551738364037,-0.020579718554192637,-0.016010330478092527,-0.021485574507817268,-0.5875769426026415,-0.30827311408349445,-0.0045693880761001095,-0.27930382851914703,0.5711053760075085
2019-08-02,0.00463864639591514,-0.009650700315913153,-0.011541574083004491,-0.016846928111902127,-0.5972276429185547,-0.31981468816649894,0.0018908737670913379,-0.27741295475205574,0.5626944818670097
2019-08-05,-0.019084032414089964,-0.03809575023475875,-0.026747460666392442,-0.035930960525992095,-0.6353233931533134,-0.3465621488328914,-0.01134828956836631,-0.28876124432042205,0.5981110954021346
2019-08-06,0.0022598764916243017,-0.0037379547611450566,-0.00293830024461883,-0.03367108403436779,-0.6390613479144585,-0.3495004490775102,-0.0007996545165262266,-0.28956089883694824,0.6047683477850422
2019-08-07,0.007467740094167545,0.010303755371296214,0.007725107304652923,-0.026203343940200245,-0.6287575925431622,-0.3417753417728573,0.002578648066643291,-0.2869822507703049,0.5114047091969324
2019-08-08,-0.004933980721789396,-0.014735853882874217,-0.010933173010949204,-0.03113732466198964,-0.6434934464260365,-0.3527085147838065,-0.0038026808719250123,-0.29078493164222996,0.5957172359558229
2019-08-09,0.009265899004240836,0.021525105123183265,0.016784067444556072,-0.021871425657748807,-0.6219683413028532,-0.3359244473392504,0.004741037678627193,-0.28604389396360275,0.5359601816067167
2019-08-12,-0.00380969720456029,-0.007547917410825057,-0.004807835328328736,-0.025681122862309096,-0.6295162587136782,-0.34073228266757916,-0.002740082082496321,-0.28878397604609907,0.5379448036209308
2019-08-13,0.0013128260724381822,0.005669689918935889,0.006731061895765222,-0.024368296789870913,-0.6238465687947423,-0.33400122077181393,-0.0010613719768293338,-0.2898453480229284,0.6140693408553454
2019-08-14,-0.0048694927150044745,0.0012331349827997067,0.004759311522231968,-0.029237789504875388,-0.6226134338119426,-0.32924190924958197,-0.0035261765394322617,-0.2933715245623606,0.6214971177041952
2019-08-15,0.001529101926821499,0.00406604418216396,0.005632796087240877,-0.02770868757805389,-0.6185473896297786,-0.3236091131623411,-0.001566751905076917,-0.29493827646743753,0.6714613043014216
2019-08-16,0.005998030893754732,0.03338936207653696,0.03133621976567014,-0.021710656684299157,-0.5851580275532416,-0.29227289339667095,0.002053142310866826,-0.2928851341565707,0.5474796309416475
2019-08-19,0.004846292118758827,0.00554798587075345,0.0023340586782172323,-0.01686436456554033,-0.5796100416824882,-0.2899388347184537,0.003213927192536218,-0.2896712069640345,0.6379832778888557
2019-08-20,0.001122025871544239,0.0020903559133822985,0.0002615917446338045,-0.01574233869399609,-0.577519685769106,-0.2896772429738199,0.001828764168748494,-0.28784244279528604,0.5765241559380518
2019-08-21,-0.007461013715106374,0.0024278482700939184,0.004219310413935418,-0.023203352409102464,-0.575091837499012,-0.2854579325598845,-0.0017914621438414992,-0.28963390493912755,0.7603570067137647
2019-08-22,-0.00035759491145490063,-0.0018979543491928592,-0.0021148949165894493,-0.023560947320557364,-0.5769897918482049,-0.28757282747647395,0.0002169405673965901,-0.2894169643717309,0.7259196819979105
2019-08-23,-0.004078010894730978,-0.007039057777828696,-0.005569755121046072,-0.02763895821528834,-0.5840288496260335,-0.29314258259752,-0.0014693026567826244,-0.2908862670285135,0.6343408683169022
2019-08-26,0.0013335370294314593,0.0204934997841301,0.01877874677104785,-0.02630542118585688,-0.5635353498419035,-0.27436383582647217,0.00171475301308225,-0.2891715140154313,0.6372973377480058
2019-08-27,0.0037475836766115026,-0.0014185351985174799,-0.0019919542911495114,-0.02255783750924538,-0.564953885040421,-0.2763557901176217,0.0005734190926320315,-0.2885980949227993,0.5981150773210493
2019-08-28,-0.002139735049869738,0.00031933553630736117,0.000907510259697375,-0.024697572559115116,-0.5646345495041136,-0.2754482798579243,-0.0005881747233900138,-0.2891862696461893,0.4729066799154943
2019-08-29,0.0005914507466399802,-0.01808435369479348,-0.01493608936544355,-0.024106121812475137,-0.5827189031989071,-0.29038436922336786,-0.0031482643293499306,-0.2923345339755392,0.6712958241917996
2019-08-30,0.00439403221743091,0.028131283305271974,0.02563407700440301,-0.019712089595044228,-0.5545876198936351,-0.26475029221896484,0.0024972063008689635,-0.2898373276746703,0.6523052747046775
2019-09-02,0.003826357791901298,0.008770426812629429,0.007405842721667,-0.01588573180314293,-0.5458171930810057,-0.25734444949729784,0.0013645840909624288,-0.2884727435837079,0.6740043448409967
2019-09-03,0.004120557780766576,0.009789478488996844,0.007002784796942052,-0.011765174022376354,-0.5360277145920089,-0.2503416647003558,0.0027866936920547918,-0.28568604989165314,0.6484423287298043
2019-09-04,0.008420358135178475,0.013065557634838552,0.009385065801394532,-0.0033448158871978786,-0.5229621569571704,-0.24095659889896126,0.0036804918334440197,-0.28200555805820915,0.5270553453794746
2019-09-05,0.0011916238398447109,0.004023475981708534,0.004193652832150008,-0.0021531920473531678,-0.5189386809754619,-0.23676294606681125,-0.0001701768504414735,-0.28217573490865067,0.6893049454915743
2019-09-06,0.0006572593779032712,0.022093983915891624,0.024169926796309582,-0.0014959326694498967,-0.4968446970595703,-0.21259301927050167,-0.002075942880417958,-0.2842516777890686,0.7484650120053208
2019-09-09,0.004550573940519986,0.004760431757614202,0.002199198712284911,0.0030546412710700894,-0.4920842653019561,-0.21039382055821676,0.002561233045329291,-0.28169044474373933,0.8456543827723182
2019-09-10,-0.00025516693745006867,-0.007637298446478401,-0.008615985570896711,0.0027994743336200206,-0.4997215637484345,-0.21900980612911347,0.0009786871244183105,-0.28071175761932105,0.5459397651098493
2019-09-11,0.0014668821453862157,0.00602945973746048,0.004751781715478742,0.004266356479006236,-0.493692104010974,-0.21425802441363473,0.0012776780219817376,-0.2794340795973393,0.7230927486093087
2019-09-12,0.002866232790785468,0.0071235162240910685,0.006116439829963127,0.0071325892697917045,-0.48656858778688294,-0.2081415845836716,0.0010070763941279412,-0.27842700320321134,0.661268722336918
2019-09-16,0.006585200267614403,-0.020445500009881077,-0.024285255697609642,0.013717789537406107,-0.507014087796764,-0.23242684028128124,0.0038397556877285653,-0.2745872475154828,0.5715333842830987
2019-09-17,0.0011382798968174609,-0.0007393248111987232,-0.0011556826796326192,0.014856069434223568,-0.5077534126079628,-0.23358252296091386,0.000416357868433896,-0.27417088964704894,0.6993144820048527
2019-09-18,0.0006516308247421846,0.010832329589028826,0.011693994764289783,0.015507700258965753,-0.496921083018934,-0.22188852819662408,-0.0008616651752609578,-0.2750325548223099,0.7358324451290237
2019-09-19,0.0020786451826301767,0.0007598514561192877,0.0010930878844490621,0.01758634544159593,-0.4961612315628147,-0.22079544031217502,-0.0003332364283297744,-0.2753657912506397,0.6847265687917072
2019-09-20,-0.0066842265158466654,-0.012369702758458544,-0.009995441743853917,0.010902118925749264,-0.5085309343212733,-0.23079088205602893,-0.0023742610146046273,-0.27774005226524434,0.6432129166162233
2019-09-23,0.0009232080944623188,0.002629994119616785,0.005018655999847965,0.011825327020211582,-0.5059009402016565,-0.22577222605618097,-0.0023886618802311803,-0.2801287141454756,0.6518728856316213
2019-09-24,-0.007845962499527867,-0.023633357670473063,-0.019592065896695487,0.003979364520683716,-0.5295342978721296,-0.24536429195287646,-0.004041291773777576,-0.2841700059192531,0.6094269309247479
2019-09-25,-0.009482641249089636,-0.03800285264731954,-0.033296357715190794,-0.00550327672840592,-0.5675371505194491,-0.27866064966806725,-0.004706494932128748,-0.28887650085138183,0.6016260426611445
2019-09-26,0.0034724355477189356,0.011653233103538338,0.008990472746038591,-0.0020308411806869847,-0.5558839174159107,-0.26967017692202866,0.002662760357499747,-0.28621374049388204,0.6538716093813776
2019-09-27,-0.0012075110111433279,-0.013757942165584947,-0.011222161960276367,-0.003238352191830313,-0.5696418595814956,-0.280892338882305,-0.0025357802053085805,-0.2887495206991906,0.6252650808915717
2019-09-30,0.005992626487579284,0.0029890405574826773,0.0009160072869249802,0.0027542742957489715,-0.5666528190240129,-0.27997633159538005,0.002073033270557697,-0.28667648742863283,0.5508592522013032
2019-10-08,0.00875016244437328,0.012764765849743709,0.00911737764910825,0.011504436740122252,-0.5538880531742691,-0.2708589539462718,0.0036473882006354593,-0.28302909922799735,0.6137262724650574
2019-10-09,0.0014567139997963014,0.013316888225157439,0.015354324653644724,0.012961150739918553,-0.5405711649491117,-0.2555046292926271,-0.0020374364284872857,-0.28506653565648465,0.5474900761926915
2019-10-10,0.004403332404802157,0.0011431932391075704,0.0006945140941461148,0.01736448314472071,-0.5394279717100041,-0.25481011519848096,0.0004486791449614556,-0.28461785651152316,0.5602496357091119
2019-10-11,0.003235351797002957,0.018905806067403705,0.015694069741972072,0.02059983494172367,-0.5205221656426005,-0.23911604545650889,0.003211736325431633,-0.28140612018609157,0.6207277439847508
2019-10-14,-0.005930873869787411,-0.0173913274293605,-0.014786826606483672,0.014668961071936257,-0.5379134930719609,-0.25390287206299256,-0.0026045008228768284,-0.28401062100896834,0.6811954581316019
2019-10-15,-0.0013179878554944028,-0.00629186266772818,-0.004196922271376025,0.013350973216441854,-0.5442053557396891,-0.2580997943343686,-0.002094940396352155,-0.2861055614053205,0.8485299381555582
2019-10-16,-0.003887788665266069,-0.004000436500371022,-0.0010743829325026155,0.009463184551175785,-0.5482057922400602,-0.2591741772668712,-0.0029260535678684065,-0.28903161497318897,0.8682577894150391
2019-10-17,-0.004852539617524585,-0.015444303848795648,-0.012558719397901541,0.0046106449336512,-0.5636500960888559,-0.27173289666477274,-0.002885584450894107,-0.2919171994240831,0.7063981629020676
2019-10-18,0.006594098646588509,-0.004296438462549642,-0.0063136104027918805,0.01120474358023971,-0.5679465345514055,-0.2780465070675646,0.002017171940242238,-0.2899000274838409,0.547241523154363
2019-10-21,-0.00014662968897505548,0.012297558728623236,0.012341388066268166,0.011058113891264655,-0.5556489758227823,-0.26570511900129645,-4.3829337644929814e-05,-0.2899438568214858,0.5625854169886989
2019-10-22,0.0010434913829932939,-0.00764290454411963,-0.008076999011263908,0.01210160527425795,-0.5632918803669019,-0.27378211801256036,0.0004340944671442776,-0.28950976235434156,0.5683178609603623
2019-10-23,0.0026915868684855015,-0.000687453431791143,-0.001950390473059116,0.014793192142743451,-0.563979333798693,-0.2757325084856195,0.001262937041267973,-0.28824682531307355,0.6018415622821581
2019-10-24,0.004030912483972197,0.006899038055465966,0.00769729870530611,0.018824104626715646,-0.557080295743227,-0.26803520978031337,-0.0007982606498401447,-0.2890450859629137,0.6532611620279031
2019-10-25,0.009737363199816794,0.02725977372909898,0.023432299952567348,0.02856146782653244,-0.5298205220141281,-0.24460290982774602,0.003827473776531632,-0.2852176121863821,0.6223635300496054
2019-10-28,-0.004302107369787536,-0.015187578761866626,-0.010933581790419922,0.024259360456744903,-0.5450081007759947,-0.25553649161816594,-0.004253996971446704,-0.28947160915782877,0.6727018699272037
2019-10-29,-0.0027729298988043473,-0.014120401080220576,-0.009988275176352701,0.021486430557940556,-0.5591285018562153,-0.26552476679451864,-0.004132125903867875,-0.2936037350616967,0.811353655939297
2019-10-30,0.001980619020205732,-0.012576268162950674,-0.011267995207996151,0.023467049578146288,-0.571704770019166,-0.2767927620025148,-0.0013082729549545227,-0.2949120080166512,0.7497125504265417
2019-10-31,0.0028283418386808074,0.01063628294164971,0.009492401150479779,0.026295391416827095,-0.5610684870775162,-0.267300360852035,0.001143881791169931,-0.2937681262254812,0.6788231421318782
2019-11-01,-0.0015420247653016338,0.002559156974647215,0.006219824731763524,0.02475336665152546,-0.558509330102869,-0.2610805361202715,-0.0036606677571163087,-0.2974287939825975,0.6222539528527552
2019-11-04,-0.0004255069874509619,0.0017284818662439828,0.002802433856681219,0.0243278596640745,-0.556780848236625,-0.25827810226359027,-0.0010739519904372362,-0.2985027459730347,0.47861414299885746
2019-11-05,-0.008257874843041151,-0.013958567544583293,-0.00886246714798311,0.016069984821033348,-0.5707394157812082,-0.2671405694115734,-0.0050961003966001825,-0.30359884636963486,0.4887605525333063
2019-11-06,0.003716534183102621,0.009054756953601528,0.006638440435933646,0.01978651900413597,-0.5616846588276068,-0.26050212897563974,0.0024163165176678825,-0.30118252985196703,0.46888177075317555
2019-11-07,-0.0017790373244746995,-0.004434971290694844,-0.0034502544040382332,0.01800748167966127,-0.5661196301183016,-0.26395238337967797,-0.000984716886656611,-0.3021672467386236,0.5825861033155677
2019-11-08,-0.013026077236493648,-0.034109338191475796,-0.026313218965547946,0.004981404443167622,-0.6002289683097773,-0.2902656023452259,-0.00779611922592785,-0.30996336596455143,0.6645287280992673
2019-11-11,0.002063176992497746,0.005213963282951127,0.0025325133903297825,0.007044581435665369,-0.5950150050268262,-0.28773308895489613,0.0026814498926213447,-0.3072819160719301,0.6461409767727293
2019-11-12,-0.002234737688210546,-0.006578732924471551,-0.002933649392630855,0.004809843747454823,-0.6015937379512978,-0.290666738347527,-0.003645083531840696,-0.3109269996037708,0.619587495513187
2019-11-13,0.002554753976586344,0.006713261223688809,0.006761141467041654,0.007364597724041167,-0.594880476727609,-0.28390559688048533,-4.7880243352844964e-05,-0.3109748798471237,0.5874790404405863
2019-11-14,-0.000830441326901423,-0.015291322714463606,-0.012359829115778709,0.006534156397139744,-0.6101717994420727,-0.29626542599626404,-0.002931493598684897,-0.31390637344580863,0.6031222955843292
2019-11-15,0.0026742936520739425,0.010140406360282765,0.0071144757951557835,0.009208450049213687,-0.6000313930817899,-0.28915095020110826,0.0030259305651269813,-0.3108804428806816,0.5200039252003295
2019-11-18,0.008058650249718448,0.02210293876176365,0.01848109318380864,0.017267100298932136,-0.5779284543200263,-0.2706698570172996,0.0036218455779550122,-0.30725859730272664,0.5898141524207463
2019-11-19,-0.0035501674436087738,-0.007520263384758595,-0.0050597614389378265,0.013716932855323362,-0.5854487177047849,-0.27572961845623745,-0.0024605019458207684,-0.30971909924854746,0.5826477492515212
2019-11-20,0.001109129634453501,0.00021935086846257604,-0.001675468928045376,0.014826062489776862,-0.5852293668363223,-0.2774050873842828,0.001894819796507952,-0.3078242794520395,0.5586741514417316
2019-11-21,0.0012296264568762033,-0.009884971565507548,-0.013335551325074135,0.016055688946653067,-0.5951143384018298,-0.29074063870935696,0.003450579759566587,-0.30437369969247285,0.6690245562525514
2019-11-22,0.004140128331249879,-0.004505336416304114,-0.005756795804385817,0.020195817277902945,-0.5996196748181339,-0.2964974345137428,0.001251459388081703,-0.30312224030439117,0.6690607230103872
2019-11-25,0.0007702869396407906,-0.0019247045125242467,-0.000706896981931493,0.020966104217543736,-0.6015443793306582,-0.29720433149567427,-0.0012178075305927538,-0.3043400478349839,0.7729734246960402
2019-11-26,0.0033761350633507415,-0.0002125036184823319,-0.0003421900460374161,0.024342239280894476,-0.6017568829491405,-0.2975465215417117,0.0001296864275550842,-0.30421036140742885,0.7504695773045292
2019-11-27,0.0027311101232038214,-0.0024327193476452766,-0.002887705082779135,0.027073349404098297,-0.6041896022967859,-0.3004342266244908,0.0004549857351338585,-0.30375537567229505,0.5250925209502084
2019-11-28,0.0005640541088308731,0.0003454667248568568,-0.0008800766974452756,0.02763740351292917,-0.6038441355719291,-0.3013143033219361,0.0012255434223021324,-0.30252983224999297,0.5870756191893396
2019-11-29,-0.0006792932814962078,0.002109288585584981,0.002176241470607465,0.02695811023143296,-0.601734846986344,-0.29913806185132863,-6.695288502248401e-05,-0.3025967851350154,0.58796307453079
2019-12-02,0.005322933103064964,0.009727289640981086,0.006513214421742575,0.032281043334497925,-0.5920075573453629,-0.29262484742958605,0.0032140752192385113,-0.29938270991577687,0.5713082775679491
2019-12-03,0.0010087510391785916,0.001622202805982204,0.0016110831887043986,0.03328979437367652,-0.5903853545393807,-0.29101376424088166,1.1119617277805449e-05,-0.299371590298499,0.7049627815225481
2019-12-04,-0.00047097538557131223,0.0099366560875799,0.011218544200117364,0.03281881898810521,-0.5804486984518008,-0.2797952200407643,-0.0012818881125374638,-0.3006534784110365,0.6472800297935524
2019-12-05,0.0022887560392593214,0.008024360612009979,0.007110716649936677,0.03510757502736453,-0.5724243378397909,-0.2726845033908276,0.0009136439620733017,-0.29973983444896324,0.6524654120388415
2019-12-06,0.0019742277414919558,0.0049176613663224605,0.0035519565529984476,0.03708180276885648,-0.5675066764734684,-0.26913254683782917,0.0013657048133240129,-0.29837412963563925,0.6549150818558777
2019-12-09,-0.0030183039895086304,0.00391899738264147,0.006040971223541192,0.034063498779347855,-0.563587679090827,-0.263091575614288,-0.0021219738408997215,-0.300496103476539,0.6923549463547942
2019-12-10,0.0020056649424345413,-0.0022324816467978992,-0.004040774918593115,0.0360691637217824,-0.5658201607376249,-0.2671323505328811,0.001808293271795216,-0.2986878102047438,0.6986077561820263
2019-12-11,-0.0012485657539863875,-0.0025073263441069255,-8.643356084192533e-05,0.03482059796779601,-0.5683274870817318,-0.267218784093723,-0.002420892783265,-0.30110870298800874,0.6777086167500654
2019-12-12,0.003784075309467283,0.01384173103798834,0.013399193392318764,0.038604673277263295,-0.5544857560437434,-0.25381959070140425,0.0004425376456695749,-0.30066616534233914,0.7296567749394605
2019-12-13,0.0029932792895913524,0.01948933219139418,0.018615155920027604,0.04159795256685465,-0.5349964238523492,-0.23520443478137665,0.0008741762713665759,-0.2997919890709726,0.5820291223230226
2019-12-16,0.010946226850720116,0.019286770602586326,0.012452714563336187,0.05254417941757476,-0.5157096532497629,-0.22275172021804046,0.006834056039250139,-0.29295793303172246,0.5098293747448124
2019-12-17,0.0017035674290109817,0.0019365468598583398,-0.0003302611787781018,0.054247746846585745,-0.5137731063899046,-0.22308198139681856,0.0022668080386364416,-0.290691124993086,0.6415505830826045
2019-12-18,0.002747418590352414,0.007199511996265607,0.004378376130299344,0.05699516543693816,-0.506573594393639,-0.21870360526651922,0.002821135865966263,-0.2878699891271198,0.6918171381694548
2019-12-19,-0.0009076036327098068,-0.012482989633660225,-0.012097692724989173,0.05608756180422835,-0.5190565840272993,-0.2308012979915084,-0.00038529690867105185,-0.28825528603579087,0.858823045426157
2019-12-20,0.004294232893131988,-0.0216512160265333,-0.022811802711038,0.06038179469736034,-0.5407078000538326,-0.2536131007025464,0.0011605866845046976,-0.2870946993512862,0.8526063862236319
2019-12-23,0.0026119056692223037,0.018231868442971106,0.01744910195754734,0.06299370036658264,-0.5224759316108615,-0.23616399874499905,0.0007827664854237644,-0.28631193286586243,0.7174047511726281
2019-12-24,0.006004988622155973,0.007973722556611752,0.005955000620165407,0.06899868898873861,-0.5145022090542497,-0.23020899812483364,0.002018721936446345,-0.28429321092941606,0.7043534118620982
2019-12-25,0.004484752016754385,0.009815335910042656,0.007104883598103129,0.07348344100549299,-0.504686873144207,-0.2231041145267305,0.0027104523119395266,-0.2815827586174765,0.5333341035798992
2019-12-26,-0.0016354419220038722,-0.00912691970983966,-0.008103016775477201,0.07184799908348911,-0.5138137928540467,-0.2312071313022077,-0.001023902934362459,-0.282606661551839,0.5417521186554092
2019-12-27,-0.00012756962387274926,0.0034901768860446684,0.005634418959143517,0.07172042945961636,-0.510323615968002,-0.2255727123430642,-0.0021442420730988484,-0.2847509036249378,0.5361898413261555
2019-12-30,0.00142842287351376,0.005809733322367962,0.006675126682683441,0.07314885233313012,-0.504513882645634,-0.21889758566038076,-0.0008653933603154787,-0.28561629698525326,0.671913275981874
2019-12-31,0.001453309868994575,0.02143590356929394,0.019482808545026487,0.07460216220212469,-0.4830779790763401,-0.19941477711535427,0.0019530950242674545,-0.2836632019609858,0.7754084043027333
2020-01-02,0.004292279705120414,0.008201274467523802,0.005180883374654499,0.07889444190724511,-0.4748767046088163,-0.19423389374069977,0.0030203910928693033,-0.28064281086811654,0.6982319476821686
2020-01-03,-0.0011901085871933031,0.010066074710326433,0.010232979180113233,0.0777043333200518,-0.46481062989848987,-0.18400091456058654,-0.00016690446978680044,-0.28080971533790333,0.5973767145678759
2020-01-06,-6.036705256104174e-05,0.015387106835995312,0.015086244407449101,0.07764396626749076,-0.44942352306249456,-0.16891467015313744,0.00030086242854621137,-0.2805088529093571,0.7558254102457955
2020-01-07,-0.00730204520613318,-0.01732859147438872,-0.013744359710575083,0.07034192106135759,-0.46675211453688326,-0.18265902986371252,-0.0035842317638136376,-0.28409308467317074,0.7885612073355932
2020-01-08,0.004012946655206787,0.016208645224007962,0.015762225221095605,0.07435486771656437,-0.4505434693128753,-0.1668968046426169,0.0004464200029123573,-0.2836466646702584,0.6985558833666957
2020-01-09,0.00810762819527267,0.0015414029994320242,-0.002097853523808979,0.08246249591183703,-0.4490020663134433,-0.1689946581664259,0.003639256523241003,-0.2800074081470174,0.6922510387226175
2020-01-10,-0.000599329998113632,0.010792314457598345,0.012706146985978606,0.0818631659137234,-0.438209751855845,-0.1562885111804473,-0.0019138325283802604,-0.2819212406753977,0.5348692109910471
2020-01-13,0.006016838609423829,0.0029265427466363698,-0.00212976609279103,0.08788000452314723,-0.4352832091092086,-0.15841827727323832,0.0050563088394274,-0.2768649318359703,0.795021652473831
2020-01-14,-0.008742917360939469,-0.006681644292710466,-0.00010062877265504255,0.07913708716220777,-0.44196485340191904,-0.15851890604589336,-0.006581015520055423,-0.2834459473560257,0.5726147204109234
2020-01-15,-0.0013307544621640242,-0.004131682828312232,-0.001927308902557101,0.07780633270004375,-0.44609653623023127,-0.16044621494845046,-0.0022043739257551313,-0.2856503212817808,0.662662899748443
2020-01-16,-0.00327845062936317,-0.007019469644458576,-0.0038568337657807206,0.07452788207068058,-0.45311600587468986,-0.16430304871423118,-0.0031626358786778557,-0.2888129571604587,0.671209672745292
2020-01-17,-0.0017600566186880152,0.007394149170008543,0.012752060880210081,0.07276782545199256,-0.44572185670468134,-0.1515509878340211,-0.005357911710201538,-0.29417086887066024,0.517115772334031
2020-01-20,-0.0021399543384973065,-0.011533515271990487,-0.008941499601695213,0.07062787111349525,-0.4572553719766718,-0.1604924874357163,-0.0025920156702952737,-0.2967628845409555,0.5819671244813418
2020-01-21,-0.0074703025922360534,-0.0025786056018723908,0.0029993477515937172,0.0631575685212592,-0.4598339775785442,-0.1574931396841226,-0.005577953353466108,-0.3023408378944216,0.5209314305184305
2020-01-22,-0.021555417442555347,-0.05255562745921795,-0.03797450570115224,0.04160215107870385,-0.5123896050377622,-0.19546764538527484,-0.01458112175806571,-0.3169219596524874,0.5940001280850641
2020-01-23,-0.04796152963992852,-0.12054238055360295,-0.09160232137871915,-0.00635937856122467,-0.6329319855913651,-0.287069966763994,-0.028940059174883792,-0.3458620188273711,0.5162023839332206
2020-02-03,-0.03121407301392864,-0.022477775606983122,0.0022929897023065138,-0.03757345157515331,-0.6554097611983483,-0.2847769770616875,-0.024770765309289636,-0.3706327841366608,0.5709510355618863
2020-02-04,0.012040626535519018,0.03519782698061971,0.025803536395029525,-0.02553282503963429,-0.6202119342177286,-0.25897344066665795,0.009394290585590187,-0.3612384935510706,1.005094017057788
2020-02-05,0.005695033253938338,0.03366238405983546,0.030801510583255975,-0.019837791785695953,-0.5865495501578931,-0.22817193008340197,0.002860873476579484,-0.35837762007449114,0.10734599009648348
2020-02-06,0.009906223775331223,0.021470324902676054,0.012245031174948906,-0.00993156801036473,-0.565079225255217,-0.21592689890845307,0.009225293727727148,-0.34915232634676396,0.08021226526239354
2020-02-07,0.01549605257615207,0.025027909671167435,0.01386691981183219,0.00556448456578734,-0.5400513155840496,-0.20205997909662088,0.011160989859335245,-0.33799133648742874,0.08108195197951835
2020-02-10,0.004923560823350702,-0.005770059979907466,-0.006788525598523165,0.010488045389138043,-0.545821375563957,-0.20884850469514404,0.0010184656186156991,-0.336972870868813,0.1011533137159072
2020-02-11,-0.0072064619939337105,0.01661393427044338,0.023028732424352327,0.003281583395204332,-0.5292074412935137,-0.18581977227079172,-0.006414798153908947,-0.343387669022722,1.15267871810696
2020-02-12,0.0002185120875562596,-0.010924389211416937,-0.008153239173902094,0.003500095482760592,-0.5401318305049306,-0.1939730114446938,-0.0027711500375148437,-0.3461588190602368,1.0031027346334964
2020-02-13,0.0025812082469120435,0.0013323597861741607,0.0035497821311469835,0.006081303729672635,-0.5387994707187564,-0.19042322931354683,-0.002217422344972823,-0.3483762414052096,0.5536150069740305
2020-02-14,0.007572374871076073,0.039295542916467696,0.03578022662505553,0.013653678600748708,-0.49950392780228875,-0.1546430026884913,0.0035153162914121627,-0.34486092511379746,0.6032578751128803
2020-02-17,0.006815500983178592,0.024968718192225216,0.02260305429302889,0.0204691795839273,-0.4745352096100635,-0.1320399483954624,0.0023656638991963255,-0.3424952612146011,0.5564257467988635
2020-02-18,-0.003794974171680298,-0.011820893129246047,-0.00895650457263919,0.016674205412247,-0.48635610273930957,-0.1409964529681016,-0.002864388556606857,-0.345359649771208,0.5058429097821674
2020-02-19,-0.002557079507973631,0.015435712207826899,0.019146948020907217,0.014117125904273371,-0.47092039053148266,-0.12184950494719438,-0.0037112358130803186,-0.3490708855842883,0.7213562571106553
2020-02-20,0.0011647845614074469,0.016673079386216986,0.017627129266641006,0.015281910465680818,-0.4542473111452657,-0.10422237568055337,-0.0009540498804240204,-0.3500249354647123,0.7694750072428663
2020-02-21,-0.0029025713325304234,0.017765159125902676,0.021695616945981655,0.012379339133150395,-0.436482152019363,-0.08252675873457171,-0.003930457820078979,-0.3539553932847913,0.6047244559932118
2020-02-24,-0.009452991005715606,-0.00499993489651011,0.004180460277989795,0.002926348127434789,-0.44148208691587315,-0.07834629845658192,-0.009180395174499905,-0.36313578845929123,0.6321092382230094
2020-02-25,0.01725249438601588,-0.013935680481359786,-0.029348644856781902,0.020178842513450666,-0.45541776739723294,-0.10769494331336382,0.015412964375422116,-0.3477228240838691,0.5503870678364314
2020-02-26,0.006498712852225056,0.004340056838066961,0.001646710276553165,0.026677555365675724,-0.45107771055916596,-0.10604823303681066,0.0026933465615137956,-0.3450294775223553,0.5444349669313965
2020-02-27,0.001761156053073138,-0.06245718967246949,-0.059692335575931565,0.028438711418748864,-0.5135349002316354,-0.16574056861274222,-0.0027648540965379276,-0.34779433161889317,0.7867037058663292
2020-02-28,0.0003357812596956651,0.040566745572602037,0.04046564488789528,0.02877449267844453,-0.47296815465903336,-0.12527492372484694,0.00010110068470675637,-0.3476932309341864,0.5939099456438198
2020-03-02,0.005803882503876576,0.014358573002487942,0.013401512195596155,0.034578375182321104,-0.4586095816565454,-0.11187341152925079,0.0009570608068917869,-0.34673617012729463,0.6526838315446345
2020-03-03,-0.004423129594047344,0.004815065605216539,0.00493326598906485,0.03015524558827376,-0.45379451605132887,-0.10694014554018594,-0.00011820038384831137,-0.34685437051114293,0.5027269712369351
2020-03-04,-0.0015725646149999844,0.015195717437202503,0.01424027899698821,0.028582680973273777,-0.4385987986141264,-0.09269986654319773,0.0009554384402142933,-0.34589893207092864,0.4883794062530089
2020-03-05,0.0010454709049959145,-0.000843405236368697,-0.0030281551570414678,0.02962815187826969,-0.4394422038504951,-0.0957280217002392,0.002184749920672771,-0.3437141821502559,0.6345732284966091
2020-03-06,-0.006756786785650917,-0.03896837105303528,-0.040036158950341516,0.022871365092618775,-0.4784105749035304,-0.1357641806505807,0.0010677878973062369,-0.3426463942529497,0.6733171061572245
2020-03-09,-0.009597065972336994,0.019383352392057407,0.02558666471238702,0.013274299120281781,-0.459027222511473,-0.11017751593819369,-0.0062033123203296126,-0.3488497065732793,0.7564907455244209
2020-03-10,-0.005313732264951732,-0.014700096336443322,-0.013544947308801625,0.007960566855330049,-0.4737273188479163,-0.12372246324699532,-0.0011551490276416974,-0.350004855600921,0.6873805461616374
2020-03-11,0.006558150796800688,-0.017003211965016477,-0.020337975296294886,0.014518717652130737,-0.4907305308129328,-0.1440604385432902,0.0033347633312784085,-0.34667009226964257,0.4689807117288746
2020-03-12,0.000485562674296707,-0.012196505997135575,-0.009070724114339512,0.015004280326427444,-0.5029270368100683,-0.15313116265762972,-0.003125781882796063,-0.3497958741524386,0.567404428909092
2020-03-13,0.003942815653802574,-0.045846395368976736,-0.04959800761304223,0.01894709598023002,-0.5487734321790451,-0.20272917027067194,0.0037516122440654914,-0.3460442619083731,0.530342372072665
2020-03-16,7.06219207650712e-05,-0.005090157369313046,-0.0026292029879186885,0.01901771790099509,-0.5538635895483581,-0.20535837325859063,-0.0024609543813943575,-0.3485052162897675,0.6059870176190637
2020-03-17,0.0019464298779601754,-0.015877647226339216,-0.015503550229828633,0.020964147778955267,-0.5697412367746973,-0.22086192348841927,-0.00037409699651058323,-0.3488793132862781,0.5795761571289468
2020-03-18,0.0036725350803319652,0.011110960412949154,0.010934494238821202,0.02463668285928723,-0.5586302763617482,-0.20992742924959806,0.00017646617412795176,-0.34870284711215016,0.42859061296408035
2020-03-19,0.008601184983663968,0.015562448241502273,0.009439789689370315,0.0332378678429512,-0.5430678281202459,-0.20048763956022775,0.006122658552131958,-0.34258018856001815,0.5314554946762989
2020-03-20,-0.00942886630944609,-0.0477851474044416,-0.045809261583229954,0.02380900153350511,-0.5908529755246875,-0.2462969011434577,-0.001975885821211644,-0.3445560743812298,0.475854904508438
2020-03-23,0.01119262967779342,0.02178587410905252,0.01841756875473699,0.03500163121129853,-0.569067101415635,-0.2278793323887207,0.0033683053543155303,-0.3411877690269143,0.5284589636117704
2020-03-24,0.013806826145557283,0.029592749955016623,0.023177566719093434,0.048808457356855815,-0.5394743514606184,-0.20470176566962728,0.006415183235923189,-0.3347725857909911,0.6086353219329929
2020-03-25,0.004162373981781158,-0.008231622212946843,-0.009107274051505243,0.052970831338636976,-0.5477059736735652,-0.21380903972113252,0.0008756518385583997,-0.3338969339524327,0.5302408048373655
2020-03-26,0.0020869260781745716,-0.006910193839780622,-0.007502220015568994,0.05505775741681155,-0.5546161675133459,-0.22131125973670152,0.0005920261757883724,-0.33330490777664434,0.5043167018734535
2020-03-27,-0.013914867000704465,-0.03138661977686178,-0.02519984044401191,0.04114289041610708,-0.5860027872902076,-0.24651110018071343,-0.006186779332849869,-0.3394916871094942,0.7048105520073712
2020-03-30,-0.002638326566387438,-0.0009157919165177037,0.002162168867293701,0.03850456384971964,-0.5869185792067253,-0.24434893131341973,-0.003077960783811405,-0.3425696478933056,0.5480283198300497
2020-03-31,0.006926302114634041,-0.0030500087210687567,-0.004400458074430347,0.04543086596435368,-0.589968587927794,-0.24874938938785007,0.00135044935336159,-0.341219198539944,0.6954369655588793
2020-04-01,0.017409526318165704,0.032535349285540485,0.024732050200842792,0.06284039228251939,-0.5574332386422536,-0.22401733918700728,0.007803299084697693,-0.3334158994552463,0.46925853770097486
2020-04-02,-0.007952888232072923,-0.009915620220296411,-0.005700919012548766,0.05488750405044647,-0.56734885886255,-0.22971825819955605,-0.004214701207747645,-0.337630600662994,0.4222208310352856
2020-04-03,0.015256706303238013,0.041300531330711425,0.03357668962036797,0.07014421035368448,-0.5260483275318386,-0.19614156857918807,0.007723841710343453,-0.32990675895265054,0.5546581205594918
2020-04-07,0.01013084403754775,0.009507195888433908,0.004023260021760677,0.08027505439123223,-0.5165411316434046,-0.1921183085574274,0.00548393586667323,-0.32442282308597725,0.5880607830014616
2020-04-08,0.003885263604367208,0.013286084212434572,0.012363757352865434,0.08416031799559943,-0.50325504743097,-0.17975455120456196,0.0009223268595691374,-0.3235004962264081,0.7365019361943491
2020-04-09,-0.0025531795805996365,-0.02694760215197177,-0.026558961293780214,0.0816071384149998,-0.5302026495829418,-0.20631351249834218,-0.00038864085819155514,-0.32388913708459965,0.8319189614335757
2020-04-10,0.0025108941665717742,-0.008553035765309221,-0.01046257268156836,0.08411803258157156,-0.538755685348251,-0.21677608517991054,0.0019095369162591396,-0.3219796001683405,0.7515845034208719
2020-04-13,0.0031631422787640347,0.020169759137276293,0.020078100891222306,0.0872811748603356,-0.5185859262109748,-0.19669798428868823,9.165824605398762e-05,-0.32188794192228654,0.8369128032507056
2020-04-14,0.003513763735766709,-0.007044246522529922,-0.006000520685290667,0.09079493859610231,-0.5256301727335047,-0.2026985049739789,-0.001043725837239255,-0.32293166775952575,0.7521916379429532
2020-04-15,0.002953852663309628,0.006829554837483183,0.007573334216564476,0.09374879125941193,-0.5188006178960215,-0.19512517075741442,-0.0007437793790812924,-0.3236754471386071,0.43657567488102733
2020-04-16,0.0026932206406260653,0.002476228605636692,0.001593706249705562,0.096442011900038,-0.5163243892903848,-0.19353146450770886,0.0008825223559311298,-0.32279292478267596,0.599989741511473
2020-04-17,-0.0036439935745245003,0.012791724121445426,0.016215956428329292,0.0927980183255135,-0.5035326651689394,-0.17731550807937957,-0.0034242323068838666,-0.3262171570895598,0.5656508217190906
2020-04-20,-0.0016717077674346444,-0.005631732502076153,-0.0052510700364098994,0.09112631055807886,-0.5091643976710155,-0.18256657811578947,-0.0003806624656662533,-0.32659781955522604,0.632066752321153
2020-04-21,0.0035094571385495092,0.01159191204508897,0.009233461587264458,0.09463576769662838,-0.49757248562592654,-0.173333116528525,0.0023584504578245125,-0.32423936909740153,0.7391480774819054
2020-04-22,-0.0015839870558801137,-0.005111628933192025,-0.006383934933939628,0.09305178064074826,-0.5026841145591185,-0.17971705146246464,0.0012723060007476025,-0.3229670630966539,0.5777836858674072
2020-04-23,-0.01076171468713768,-0.027496313949923502,-0.01988241447771877,0.08229006595361057,-0.530180428509042,-0.1995994659401834,-0.007613899472204734,-0.3305809625688586,0.5909973673487472
2020-04-24,0.002609193555955504,-0.008242676260848628,-0.005273868244668023,0.08489925950956607,-0.5384231047698906,-0.20487333418485143,-0.0029688080161806053,-0.3335497705850392,0.6911934712529916
2020-04-27,-0.004500812902855398,-0.025361451597549267,-0.01507300769646136,0.08039844660671068,-0.56378455636744,-0.2199463418813128,-0.010288443901087907,-0.34383821448612717,0.5961271724388251
2020-04-28,0.005095085332519963,-0.0008735483606934701,-0.0024430497624106096,0.08549353193923065,-0.5646581047281334,-0.2223893916437234,0.0015695014017171394,-0.34226871308441,0.6086471230843964
2020-04-29,0.018034945483692423,0.02955193519775494,0.02325782705792534,0.10352847742292307,-0.5351061695303785,-0.19913156458579806,0.006294108139829599,-0.3359746049445804,0.5544235995336407
2020-04-30,0.010035578613483774,0.023651911460232832,0.021646589819090067,0.11356405603640685,-0.5114542580701457,-0.177484974766708,0.0020053216411427648,-0.33396928330343767,0.5030480270603831
2020-05-06,-0.004429105401777789,-0.005332528485553544,-0.0011289078476490744,0.10913495063462905,-0.5167867865556992,-0.17861388261435707,-0.00420362063790447,-0.33817290394134214,0.5324234720129447
2020-05-07,0.004548133160661862,0.012983931296856478,0.011475651142790255,0.1136830837952909,-0.5038028552588427,-0.1671382314715668,0.0015082801540662223,-0.3366646237872759,0.5138799935066568
2020-05-08,0.0014058324016859892,0.00019576195529957753,-0.0018716526535982325,0.11508891619697689,-0.5036070933035431,-0.16900988412516504,0.00206741460889781,-0.3345972091783781,0.5637940949234265
2020-05-11,-0.002769010095215493,-0.0024844462833946207,0.0030206202477671695,0.1123199061017614,-0.5060915395869378,-0.16598926387739787,-0.00550506653116179,-0.3401022757095399,0.6736997131091313
2020-05-12,5.966591842098289e-05,0.005340679968940358,0.008063534251052218,0.11237957202018238,-0.5007508596179974,-0.15792572962634566,-0.00272285428211186,-0.3428251299916517,0.7516866765599473
2020-05-13,-0.006470285173418376,-0.012037139324935331,-0.009132355182414287,0.10590928684676401,-0.5127879989429327,-0.16705808480875994,-0.002904784142521044,-0.34572991413417276,0.714844037717532
2020-05-14,-7.419564348923316e-05,0.0019993193289363233,0.004550303974108161,0.10583509120327478,-0.5107886796139963,-0.16250778083465178,-0.0025509846451718375,-0.34828089877934454,0.6191291674630527
2020-05-15,-0.003096744271370226,-0.007720101569365965,-0.00509515154649165,0.10273834693190455,-0.5185087811833623,-0.16760293238114343,-0.0026249500228743153,-0.35090584880221887,0.6866981303155331
2020-05-18,-0.0042965559377375565,0.008184496164137009,0.012979553915069886,0.09844179099416699,-0.5103242850192253,-0.15462337846607355,-0.004795057750932877,-0.3557009065531518,0.5496984415130862
2020-05-19,0.0004881046514489305,-0.009405957511742648,-0.011990545236134409,0.09892989564561591,-0.519730242530968,-0.16661392370220796,0.002584587724391761,-0.35311631882876005,0.6738612426019007
2020-05-20,-0.0052696426664740215,-0.01420086875272644,-0.012730365942596578,0.09366025297914189,-0.5339311112836944,-0.17934428964480453,-0.0014705028101298628,-0.3545868216388899,0.5694618865129081
2020-05-21,4.557902558756805e-05,-0.019312729011609228,-0.018760991296780105,0.09370583200472946,-0.5532438402953036,-0.19810528094158464,-0.000551737714829123,-0.35513855935371896,0.6630082148298365
2020-05-22,0.006193888214767923,-0.0023020606446285587,-0.002117653742930159,0.09989972021949738,-0.5555459009399322,-0.2002229346845148,-0.00018440690169839978,-0.35532296625541737,0.6487884882367243
2020-05-25,0.009224873184302484,0.026024354692617182,0.02379384103625881,0.10912459340379986,-0.529521546247315,-0.17642909364825599,0.0022305136563583704,-0.35309245259905897,0.625550242493703
2020-05-26,-0.0015526566600340343,-0.0032305723974326373,-0.006297604463460615,0.10757193674376582,-0.5327521186447476,-0.1827266981117166,0.003067032066027978,-0.350025420533031,0.6583514763078256
2020-05-27,6.376801814616456e-05,-0.003239621759009906,-0.0022819345244506906,0.10763570476191199,-0.5359917404037575,-0.1850086326361673,-0.0009576872345592154,-0.35098310776759023,0.49390344945296044
2020-05-28,-0.002398459978372684,0.0061435473624686055,0.00993037523871898,0.10523724478353931,-0.5298481930412889,-0.1750782573974483,-0.0037868278762503748,-0.35476993564384063,0.627361221139464
2020-05-29,0.007768564966414555,0.033879912488325836,0.030041583864976573,0.11300580974995386,-0.4959682805529631,-0.14503667353247174,0.003838328623349263,-0.35093160702049137,0.6213807466176754
2020-06-01,0.009670222212329967,0.008258686911471712,0.001508925098931968,0.12267603196228383,-0.4877095936414914,-0.14352774843353977,0.006749761812539744,-0.34418184520795164,0.6615490511499483
2020-06-02,0.0009994860436283533,-0.0003713050104493561,-0.0013667045592793414,0.12367551800591219,-0.48808089865194076,-0.1448944529928191,0.0009953995488299853,-0.34318644565912165,0.7481165742467333
2020-06-03,-0.005924380587568654,-0.002129447656568295,0.0020209311413967868,0.11775113741834353,-0.49021034630850907,-0.14287352185142232,-0.004150378797965082,-0.34733682445708675,0.6895517834898371
2020-06-04,0.0028102278859304633,0.0007615874465720522,0.0014244777540284304,0.120561365304274,-0.489448758861937,-0.1414490440973939,-0.0006628903074563781,-0.3479997147645431,0.8431786788232845
2020-06-05,0.0002981158189842495,-0.001927675220054458,-0.002312754430631614,0.12085948112325824,-0.49137643408199144,-0.1437617985280255,0.00038507921057715595,-0.34761463555396593,0.7350342612272948
2020-06-08,0.002211757174400265,0.006213732728926473,0.006792552189034851,0.12307123829765851,-0.485162701353065,-0.13696924633899066,-0.000578819460108378,-0.34819345501407434,0.7108712115742601
2020-06-09,0.00029898447991088265,-0.0005189142748486921,0.001155623353225721,0.12337022277756939,-0.4856816156279137,-0.13581362298576494,-0.001674537628074413,-0.34986799264214874,0.6311167014433208
2020-06-10,-0.0009401377583707245,-0.004844411215702411,-0.0036290491122681345,0.12243008501919866,-0.49052602684361607,-0.13944267209803307,-0.0012153621034342761,-0.351083354745583,0.6523468544396763
2020-06-11,-0.0019676313826771487,-0.0006926628124531802,0.0006240204583463083,0.12046245363652151,-0.49121868965606924,-0.13881865163968676,-0.0013166832707994884,-0.3524000380163825,0.6123117906668124
2020-06-12,0.001218975478475968,0.0012924795437070054,-0.0003673759184721348,0.12168142911499748,-0.48992621011236226,-0.1391860275581589,0.0016598554621791402,-0.35074018255420336,0.6198486099700147
2020-06-15,0.009021009108407646,0.023099185824877796,0.020152314235335922,0.13070243822340513,-0.46682702428748446,-0.11903371332282298,0.002946871589541874,-0.3477933109646615,0.5588356668691902
2020-06-16,0.005316640266891802,0.0053151720589628216,0.004291356404170443,0.13601907849029693,-0.46151185222852165,-0.11474235691865253,0.0010238156547923783,-0.3467694953098691,0.6821041834087461
2020-06-17,0.004454347730034817,9.721435479825326e-05,-0.004680967811193426,0.14047342622033174,-0.4614146378737234,-0.11942332472984596,0.004778182165991679,-0.34199131314387743,0.5301659165555527
2020-06-18,0.008535255128261279,0.008643638212823442,0.006131306774724621,0.14900868134859302,-0.45277099966089995,-0.11329201795512134,0.0025123314380988207,-0.3394789817057786,0.760475633164677
2020-06-19,0.002021571407750329,0.0062651879596984025,0.006590050446622087,0.15103025275634335,-0.44650581170120157,-0.10670196750849925,-0.0003248624869236841,-0.3398038441927023,0.6745695207061384
2020-06-22,-0.004772143361227444,-0.0022023053066490134,0.0017455648404709478,0.1462581093951159,-0.44870811700785057,-0.1049564026680283,-0.003947870147119961,-0.34375171433982227,0.6684493915875259
2020-06-23,-0.005579771370847325,-0.0066939961219025556,-0.001817323811605931,0.14067833802426857,-0.45540211312975315,-0.10677372647963423,-0.004876672310296625,-0.3486283866501189,0.7495875103786203
2020-06-24,-0.010120557391630099,-0.008818860161119728,-0.002602793380150459,0.13055778063263848,-0.46422097329087286,-0.1093765198597847,-0.006216066780969269,-0.35484445343108817,0.588959983427296
2020-06-29,0.005007278579882843,0.018041757470820274,0.01726561810539451,0.13556505921252132,-0.4461792158200526,-0.09211090175439018,0.0007761393654257646,-0.3540683140656624,0.6027230552298202
2020-06-30,0.008430274344136993,0.007420799654308166,0.003130236931379926,0.1439953335566583,-0.43875841616574446,-0.08898066482301026,0.00429056272292824,-0.3497777513427342,0.6486174223712732
2020-07-01,0.015140746703284646,0.020352867379189944,0.011696459803474113,0.15913608025994294,-0.4184055487865545,-0.07728420501953615,0.00865640757571583,-0.34112134376701836,0.4432936460348262
2020-07-02,0.015539310565190735,0.016463807485982095,0.009990832702483132,0.17467539082513367,-0.4019417413005724,-0.06729337231705301,0.006472974783498963,-0.3346483689835194,0.5648460031749386
2020-07-03,0.006717747028867381,0.040082834417095876,0.037513598030283646,0.18139313785400105,-0.36185890688347655,-0.029779774286769367,0.0025692363868122306,-0.3320791325967072,0.6150405080824619
2020-07-06,0.0031199068104318132,0.01467623335627002,0.013566324645497119,0.18451304466443286,-0.34718267352720655,-0.01621344964127225,0.001109908710772902,-0.3309692238859343,0.7494727022450165
2020-07-07,-0.009716536126105487,0.018679708376105306,0.022642102075563386,0.17479650853832737,-0.3285029651511012,0.006428652434291138,-0.00396239369945808,-0.33493161758539236,0.8269767581993521
2020-07-08,0.000855236285866706,0.028182124737371195,0.029414051455324497,0.17565174482419407,-0.30032084041373003,0.035842703889615635,-0.0012319267179533022,-0.33616354430334566,0.5914341884886622
2020-07-09,0.0009001251919604727,-0.0045136307297586,-0.004430828919998575,0.17655187001615455,-0.3048344711434886,0.03141187496961706,-8.280180976002506e-05,-0.33624634611310567,0.7035252469198935
2020-07-10,0.007625556065096769,0.03763046218994893,0.034725202179352266,0.18417742608125132,-0.2672040089535397,0.06613707714896933,0.0029052600105966622,-0.333341086102509,0.6244283508744091
2020-07-13,0.008203642671704708,-0.0010253638530772768,-0.007878778380771223,0.19238106875295602,-0.26822937280661696,0.0582582987681981,0.006853414527693946,-0.32648767157481506,0.7543078945753449
2020-07-14,0.0017337683930276435,-0.027854999098269294,-0.029501634548363853,0.19411483714598365,-0.29608437190488623,0.02875666421983425,0.0016466354500945593,-0.3248410361247205,0.4690435471980566
2020-07-15,-0.008735573025840587,-0.057282869541861785,-0.05376873819611738,0.18537926412014308,-0.353367241446748,-0.025012073976283133,-0.003514131345744402,-0.3283551674704649,0.7391376358295736
2020-07-16,-0.004345185608933661,-0.003863794875463668,0.002127300831121559,0.18103407851120942,-0.3572310363222117,-0.022884773145161574,-0.005991095706585227,-0.33434626317705013,0.7425219389148537
2020-07-17,0.004442264086564953,0.03711161692429567,0.03355884810161136,0.18547634259777437,-0.32011941939791605,0.010674074956449786,0.0035527688226843074,-0.33079349435436584,0.6277565122491289
2020-07-20,-0.0004716908306627429,0.005622199838614318,0.007839864459027623,0.18500465176711164,-0.3144972195593017,0.01851393941547741,-0.002217664620413305,-0.3330111589747791,0.5809851857833127
2020-07-21,0.0010130324381949654,0.007753081882785505,0.009415764430942275,0.18601768420530662,-0.3067441376765162,0.027929703846419685,-0.0016626825481567704,-0.3346738415229359,0.4343272305241332
2020-07-22,-0.00785938786413925,-0.006625290924912841,-0.0008279959426644723,0.17815829634116737,-0.313369428601429,0.027101707903755212,-0.005797294982248368,-0.34047113650518424,0.5954718837754317
2020-07-23,-0.004216197240861774,-0.050060876666921106,-0.04820107805075935,0.17394209910030559,-0.36343030526835013,-0.021099370147004137,-0.0018597986161617563,-0.342330935121346,0.6323474973185964
2020-07-24,-0.0012965204351021125,-0.0004479500685303534,0.00027916545024098127,0.17264557866520347,-0.3638782553368805,-0.020820204696763156,-0.0007271155187713347,-0.34305805064011735,0.6801484088898925
2020-07-27,0.010186176359507613,0.015410197354757774,0.010467880864050372,0.18283175502471108,-0.3484680579821227,-0.010352323832712784,0.004942316490707402,-0.33811573414940993,0.831780824499363
2020-07-28,0.005275053280215162,0.03031851870453673,0.029113286380969328,0.18810680830492624,-0.318149539277586,0.018760962548256543,0.0012052323235674026,-0.33691050182584253,0.7366854733634938
2020-07-29,-0.0027516952769199906,-0.002598246471324302,-0.0016376752515352422,0.18535511302800625,-0.3207477857489103,0.0171232872967213,-0.0009605712197890597,-0.3378710730456316,0.6388666054919414
2020-07-30,-0.0023383422565210854,0.010677528367729458,0.013052610755575955,0.18301677077148518,-0.3100702573811808,0.030175898052297256,-0.002375082387846497,-0.3402461554334781,0.5061543896682957
2020-07-31,0.003641162281062553,0.03448591861646642,0.03193523420799771,0.18665793305254774,-0.2755843387647144,0.062111132260294966,0.0025506844084687078,-0.33769547102500935,0.6309995299032031
2020-08-03,-0.0038343270973796293,-0.00875624553612472,-0.006415451394602201,0.1828236059551681,-0.2843405843008391,0.055695680865692765,-0.0023407941415225196,-0.34003626516653185,0.7027552722032542
2020-08-04,-0.0028743915829502124,0.010886598520581207,0.013691966019644397,0.1799492143722179,-0.27345398578025787,0.06938764688533716,-0.0028053674990631897,-0.34284163266559503,0.7767783597131895
2020-08-05,5.700117528003965e-05,-9.58043541329475e-06,0.0007505810430536997,0.18000621554749793,-0.27346356621567114,0.07013822792839086,-0.0007601614784669944,-0.343601794144062,0.7323129926616068
2020-08-06,-0.004710057984355848,-0.014805275900466,-0.01258491671223716,0.1752961575631421,-0.2882688421161371,0.0575533112161537,-0.0022203591882288404,-0.3458221533322908,0.5838455087497711
2020-08-07,0.014852629950339778,0.01203810498972368,0.0025921673716400306,0.19014878751348188,-0.27623073712641344,0.06014547858779373,0.00944593761808365,-0.33637621571420717,0.7066711467278767
2020-08-10,-0.0012962917335830354,-0.021555119538174263,-0.019958627712881594,0.18885249577989885,-0.2977858566645877,0.04018685087491214,-0.0015964918252926695,-0.3379727075394998,0.611126412686945
2020-08-11,0.0010093526409893964,-0.013696952957796344,-0.016929230147088248,0.18986184842088824,-0.311482809622384,0.02325762072782389,0.0032322771892919037,-0.3347404303502079,0.5979825965322371
2020-08-12,0.0030972232801406555,0.0038254692713932327,0.003037348193707601,0.19295907170102888,-0.3076573403509908,0.026294968921531492,0.0007881210776856319,-0.3339523092725223,0.6002885456408876
2020-08-13,0.006607662769726435,0.010373540291745897,0.009795720942978647,0.19956673447075532,-0.2972838000592449,0.03609068986451014,0.0005778193487672497,-0.333374489923755,0.6297697838456938
2020-08-14,-0.00024168291760006457,0.02085379139437898,0.02144654451482708,0.19932505155315525,-0.2764300086648659,0.05753723437933722,-0.0005927531204481008,-0.3339672430442031,0.5639988374656465
2020-08-17,-0.00042119325667274224,0.009195805242887036,0.00956591887841185,0.1989038582964825,-0.26723420342197884,0.06710315325774907,-0.00037011363552481337,-0.3343373566797279,0.5480928292637084
2020-08-18,-0.0043815023576916036,-0.021176455456449916,-0.021016181653669364,0.1945223559387909,-0.28841065887842876,0.04608697160407971,-0.0001602738027805528,-0.33449763048250847,0.6526633314929667
2020-08-19,0.0003685442547658473,-0.014386451358171834,-0.014558089444975053,0.19489090019355673,-0.3027971102366006,0.031528882159104654,0.00017163808680321913,-0.33432599239570526,0.7632887857041164
2020-08-20,0.0011437801234263126,0.004887225518679674,0.005996727051057249,0.19603468031698304,-0.29790988471792096,0.0375256092101619,-0.001109501532377575,-0.33543549392808286,0.7926094159785444
2020-08-21,0.0007433526022419877,0.0067864406631559316,0.00821796620836679,0.19677803291922502,-0.29112344405476503,0.04574357541852869,-0.0014315255452108577,-0.3368670194732937,0.7033907146055175
2020-08-24,0.00024815118174050096,-0.004531654302368721,-0.005523842045230154,0.19702618410096553,-0.29565509835713377,0.04021973337329854,0.0009921877428614332,-0.3358748317304323,0.6631691266007034
2020-08-25,-0.00823058417270866,-0.028858914090526596,-0.024658699834271047,0.18879559992825687,-0.32451401244766037,0.015561033539027491,-0.004200214256255549,-0.34007504598668786,0.6079084672170952
2020-08-26,-0.0018400254529201056,0.009104065858389231,0.01071620943876539,0.18695557447533676,-0.31540994658927113,0.02627724297779288,-0.0016121435803761585,-0.341687189567064,0.6240388029523521
2020-08-27,0.005726954089864741,0.011115710865793191,0.012707851098193501,0.1926825285652015,-0.3042942357234779,0.03898509407598638,-0.0015921402324003096,-0.3432793297994643,0.5762808982048049
2020-08-28,0.0023177580812428484,0.004412703921706913,0.0026702393635158472,0.19500028664644434,-0.299881531801771,0.04165533343950223,0.0017424645581910654,-0.34153686524127325,0.6047352490464631
2020-08-31,-0.00784510620458633,0.00012684939249233107,0.004811382779042361,0.187155180441858,-0.29975468240927866,0.04646671621854459,-0.00468453338655003,-0.34622139862782325,0.557517597651996
2020-09-01,-0.005721482718603092,0.0007875928934651525,0.0018906641737945762,0.1814336977232549,-0.2989670895158135,0.048357380392339167,-0.0011030712803294237,-0.3473244699081527,0.6611498128119013
2020-09-02,-0.0013400745307164848,-0.012322098937399361,-0.011445419519214184,0.1800936231925384,-0.3112891884532129,0.03691196087312498,-0.0008766794181851775,-0.3482011493263379,0.6798603060488729
2020-09-03,-0.005112232616995078,-0.00279466714313233,-0.0010792261555163662,0.17498139057554332,-0.3140838555963452,0.035832734717608616,-0.0017154409876159638,-0.34991659031395383,0.6147158253657548
2020-09-04,-0.0020301961512156244,-0.01509517288204195,-0.017545006934803098,0.1729511944243277,-0.32917902847838715,0.01828772778280552,0.0024498340527611476,-0.34746675626119267,0.678308132578477
2020-09-07,-0.013639008782664332,0.005017451990903304,0.006481829321982602,0.15931218564166336,-0.32416157648748384,0.02476955710478812,-0.0014643773310792979,-0.34893113359227196,0.649506583727539
2020-09-08,0.014564254793849641,-0.028447841996326016,-0.03225933506055334,0.173876440435513,-0.35260941848380983,-0.00748977795576522,0.003811493064227324,-0.3451196405280446,0.5843763340146251
2020-09-09,0.060751594090570064,-0.019053031403459795,-0.036078670463785656,0.23462803452608308,-0.37166244988726965,-0.043568448419550876,0.01702563906032586,-0.3280940014677188,0.5088046038604319
2020-09-10,0.005089591623047094,0.016654833395240664,0.01617405300167718,0.23971762614913017,-0.355007616492029,-0.027394395417873696,0.000480780393563484,-0.3276132210741553,0.5033654653395141
2020-09-11,0.005624406570093776,0.02020276544099126,0.015643575907549945,0.24534203271922395,-0.33480485105103774,-0.011750819510323751,0.004559189533441314,-0.323054031540714,0.6734722994646375
2020-09-14,0.008435093146305384,0.00612865239725099,0.004840116448981746,0.2537771258655293,-0.3286761986537868,-0.006910703061342005,0.0012885359482692439,-0.3217654955924448,0.5618482012160331
2020-09-15,-0.005631518427067258,-0.012298861832646292,-0.010029557736736194,0.24814560743846206,-0.34097506048643306,-0.0169402607980782,-0.0022693040959100973,-0.32403479968835486,0.6719007836097141
2020-09-16,0.0014661301590196871,0.002865684306983748,0.0017951086571912356,0.24961173759748176,-0.3381093761794493,-0.015145152140886964,0.0010705756497925126,-0.32296422403856234,0.8334690418444687
2020-09-17,0.007044749244800741,0.016836013954946587,0.015211549071908692,0.2566564868422825,-0.3212733622245027,6.639693102172828e-05,0.0016244648830378954,-0.32133975915552443,0.6360012748481858
2020-09-18,-0.00042809842320642863,-0.0001116641142468363,-0.00037200086999256143,0.2562283884190761,-0.32138502633874955,-0.00030560393897083316,0.0002603367557457251,-0.3210794223997787,0.7637348017773238
2020-09-21,-0.0036421746492198053,-0.019442528225659762,-0.01621414683831901,0.2525862137698563,-0.34082755456440933,-0.016519750777289843,-0.003228381387340752,-0.3243078037871195,0.6710319867578233
2020-09-22,0.005122388114326332,0.010199194313871037,0.006899565102074234,0.25770860188418265,-0.33062836025053827,-0.009620185675215609,0.0032996292117968024,-0.32100817457532266,0.804718340856506
2020-09-23,-0.011992257070212247,-0.03487463578917142,-0.02774769135695898,0.2457163448139704,-0.3655029960397097,-0.03736787703217459,-0.007126944432212436,-0.3281351190075351,0.7089376057471507
2020-09-24,-0.0006836202820326082,-0.006763588617444126,-0.006125429764033186,0.24503272453193778,-0.37226658465715384,-0.043493306796207776,-0.0006381588534109407,-0.32877327786094607,0.6963435116711651
2020-09-25,-0.0002670699497619647,-0.015648171048424444,-0.012745147164826776,0.2447656545821758,-0.38791475570557826,-0.05623845396103455,-0.0029030238835976684,-0.3316763017445437,0.6259825988295875
2020-09-28,0.005386863845847946,0.012025498312504886,0.010729835055750314,0.2501525184280238,-0.3758892573930734,-0.04550861890528424,0.0012956632567545714,-0.33038063848778915,0.5692111100419917
2020-09-29,-0.004409553630970015,-0.00553877855016617,-0.0005851253069302231,0.24574296479705376,-0.38142803594323954,-0.04609374421221446,-0.004953653243235947,-0.3353342917310251,0.6698836864711459
2020-09-30,0.00956062010561677,0.034926299821877456,0.030540063542900953,0.2553035849026705,-0.3465017361213621,-0.015553680669313508,0.004386236278976503,-0.3309480554520486,0.5696901768687892
2020-10-09,0.016879126916955114,0.04015904449987243,0.030872811491317265,0.2721827118196256,-0.30634269162148964,0.015319130822003757,0.009286233008555168,-0.3216618224434934,0.5503845120099049
2020-10-12,-0.0017987731485365494,0.0012214058885952942,0.002497604871859238,0.27038393867108906,-0.3051212857328943,0.017816735693862995,-0.0012761989832639439,-0.3229380214267573,0.5971959019474995
2020-10-13,-0.009696446766215205,-0.014888049861390994,-0.009295006144309781,0.26068749190487384,-0.3200093355942853,0.008521729549553214,-0.005593043717081213,-0.3285310651438385,0.6691925476937585
2020-10-14,0.0013287559136678272,-0.008645038122076365,-0.008876936362382182,0.26201624781854166,-0.32865437371636164,-0.0003552068128289676,0.0002318982403058164,-0.32829916690353267,0.8136699918376487
2020-10-15,-0.0035998400116704445,-0.0038821703135211334,-0.002957791963218881,0.2584164078068712,-0.33253654402988275,-0.0033129987760478485,-0.0009243783503022525,-0.3292235452538349,0.654071928474463
2020-10-16,-0.004028494095836188,-0.006747083639347656,-0.006979090147060774,0.25438791371103503,-0.3392836276692304,-0.010292088923108622,0.00023200650771311795,-0.3289915387461218,0.6709046351760198
2020-10-19,0.0009385013520424826,0.01014040767100672,0.009436962618384115,0.2553264150630775,-0.3291432199982237,-0.0008551263047245072,0.0007034450526226046,-0.3282880936934992,0.5841766031407943
2020-10-20,-0.008650946459876073,-0.01853941283823632,-0.015765014251149623,0.24667546860320144,-0.34768263283646006,-0.01662014055587413,-0.002774398587086696,-0.33106249228058593,0.5497733936146034
2020-10-21,-0.0008537934767550953,-0.005732842197834517,-0.006371673615642948,0.24582167512644634,-0.3534154750342946,-0.022991814171517078,0.0006388314178084305,-0.3304236608627775,0.5154683484522412
2020-10-22,-0.00173407653707533,-0.018594019968273423,-0.01945588428367273,0.244087598589371,-0.372009495002568,-0.04244769845518981,0.0008618643153993077,-0.3295617965473782,0.567370744438458
2020-10-23,0.004559196788283351,0.002588578651441059,0.0010822997390924627,0.24864679537765436,-0.36942091635112695,-0.041365398716097346,0.0015062789123485962,-0.3280555176350296,0.6227134919477777
2020-10-26,0.005930476263586173,0.00440524738543187,0.005103371735005524,0.25457727164124055,-0.3650156689656951,-0.03626202698109182,-0.0006981243495736544,-0.3287536419846033,0.6254218586187998
2020-10-27,-0.002662898037137618,-0.0011651827628649197,0.00043258636584120325,0.25191437360410296,-0.36618085172856,-0.03582944061525062,-0.001597769128706123,-0.3303514111133094,0.6643382444194892
2020-10-28,0.0034124726994076942,-0.0019526931378407773,-0.001599875109320692,0.25532684630351066,-0.3681335448664008,-0.03742931572457131,-0.00035281802852008535,-0.3307042291418295,0.6219078138093723
2020-10-29,-0.00728805275263524,-0.030873905243419854,-0.02481320168061174,0.2480387935508754,-0.3990074501098207,-0.06224251740518305,-0.006060703562808113,-0.33676493270463764,0.622073514830438
2020-10-30,-0.004940224762287605,-0.003577213595959978,0.0004038251055042963,0.2430985687885878,-0.40258466370578067,-0.061838692299678755,-0.003981038701464275,-0.3407459714061019,0.6338901544838694
2020-11-02,0.02128745860654553,0.03260289061633052,0.020330996175140115,0.26438602739513334,-0.36998177308945013,-0.04150769612453864,0.012271894441190402,-0.3284740769649115,0.5588633528856704
2020-11-03,-0.007998944756564862,-0.008088567261840577,-0.0022428490681676294,0.25638708263856846,-0.3780703403512907,-0.04375054519270627,-0.005845718193672947,-0.33431979515858445,0.5776711037625526
2020-11-04,0.008066260444588177,0.02323948757752738,0.01826621800024064,0.26445334308315666,-0.35483085277376336,-0.025484327192465628,0.004973269577286738,-0.32934652558129773,0.5533347165048277
2020-11-05,-0.008133441611363321,-0.015067665815347133,-0.009861596450981835,0.25631990147179334,-0.3698985185891105,-0.03534592364344746,-0.005206069364365297,-0.33455259494566303,0.5716198080767743
2020-11-06,0.008079692123420544,0.026516881238968684,0.024124258819128386,0.26439959359521387,-0.3433816373501418,-0.011221664824319078,0.0023926224198402984,-0.33215997252582274,0.5873179796620412
2020-11-09,0.0009128478241912776,-0.008715179596242557,-0.010636176671910746,0.26531244141940513,-0.3520968169463844,-0.021857841496229824,0.0019209970756681894,-0.33023897545015457,0.6309361065902352
2020-11-10,-0.0056861518439886806,-0.019034997000471832,-0.017222473246574665,0.25962628957541645,-0.37113181394685624,-0.03908031474280449,-0.0018125237538971668,-0.33205149920405175,0.7929699849756984
2020-11-11,-0.004975846555085038,-0.0001983368421446286,0.0019026924375058485,0.2546504430203314,-0.3713301507890009,-0.03717762230529864,-0.002101029279650477,-0.33415252848370225,0.6954031651606651
2020-11-12,0.004081485380953211,0.002749351166740219,0.0014921112344286058,0.2587319284012846,-0.36858079962226065,-0.035685511070870035,0.0012572399323116132,-0.3328952885513906,0.7347627497521896
2020-11-13,-0.013577592780493046,0.003552763237757943,0.009143770332553203,0.24515433562079156,-0.3650280363845027,-0.026541740738316832,-0.00559100709479526,-0.3384862956461859,0.5347756750233947
2020-11-16,-0.002007343526953838,-0.009124841394038982,-0.009842133608820802,0.24314699209383772,-0.37415287777854167,-0.036383874347137635,0.0007172922147818204,-0.33776900343140404,0.6042527049724759
2020-11-17,-0.002336013650882287,-0.00016245134235679372,6.007251715267614e-05,0.24081097844295543,-0.3743153291208985,-0.03632380182998496,-0.00022252385950946986,-0.33799152729091353,0.5392230379258112
2020-11-18,0.008644133332804652,0.006944828934259973,0.005422672884170865,0.24945511177576007,-0.3673705001866385,-0.030901128945814094,0.0015221560500891084,-0.33646937124082443,0.4858842324613097
2020-11-19,-0.0005765684940483048,0.005638361216889727,0.007060318399078724,0.24887854328171177,-0.3617321389697488,-0.02384081054673537,-0.0014219571821889971,-0.33789132842301345,0.5688379771947285
2020-11-20,-0.002589725114195729,0.004051083319818654,0.006137883024271318,0.24628881816751605,-0.3576810556499302,-0.01770292752246405,-0.002086799704452664,-0.33997812812746614,0.6508951353168216
2020-11-23,-6.836694774328697e-05,-0.0003778883308814976,4.111425688435588e-05,0.24622045121977276,-0.3580589439808117,-0.017661813265579696,-0.0004190025877658535,-0.340397130715232,0.651232024108447
2020-11-24,0.004069942367302104,-0.01411282253234224,-0.017204069815417,0.2502903935870749,-0.3721717665131539,-0.034865883080996696,0.00309124728307476,-0.3373058834321572,0.6114614905091551
2020-11-25,-0.0014120005229092416,-0.00809113735652313,-0.007302482605226146,0.24887839306416565,-0.38026290386967704,-0.04216836568622284,-0.0007886547512969844,-0.3380945381834542,0.6987135335479079
2020-11-26,0.002629022823985648,-0.0006860649368498435,-0.00021245080418275109,0.2515074158881513,-0.3809489688065269,-0.04238081649040559,-0.0004736141326670924,-0.3385681523161213,0.6753054260248988
2020-11-27,0.002521193022643268,-0.0025480408083007745,-0.00292732505761073,0.25402860891079454,-0.3834970096148277,-0.04530814154801632,0.0003792842493099556,-0.33818886806681137,0.6177369198340544
2020-11-30,0.004345682175503042,0.014725030851911115,0.013628569852579986,0.25837429108629756,-0.36877197876291656,-0.03167957169543634,0.0010964609993311288,-0.3370924070674802,0.5879858458862464
2020-12-01,-0.0010431357673271941,0.0011280621065728272,0.0033432697440716197,0.2573311553189704,-0.3676439166563437,-0.028336301951364717,-0.0022152076374987928,-0.339307614704979,0.5541713779966271
2020-12-02,-0.0012149133194898794,-0.005516895789769966,-0.0035499576308737346,0.2561162419994805,-0.3731608124461137,-0.03188625958223845,-0.0019669381588962318,-0.34127455286387526,0.5517476958708557
2020-12-03,0.003297951461737912,0.004819906406874218,0.005169483792002438,0.2594141934612184,-0.36834090603923947,-0.026716775790236014,-0.00034957738512822033,-0.34162413024900345,0.6669579249063109
2020-12-04,-0.003394315283054113,-0.00414636652359534,-0.002021940235191977,0.2560198781781643,-0.3724872725628348,-0.02873871602542799,-0.0021244262884033633,-0.3437485565374068,0.6828096586622682
2020-12-07,0.004071473203730478,0.001427243879705028,0.00020345466083071528,0.26009135138189476,-0.37106002868312976,-0.028535261364597275,0.0012237892188743126,-0.3425247673185325,0.7070390609598016
2020-12-08,-0.0070710273128055685,-0.024133609884238898,-0.019773681883183514,0.2530203240690892,-0.39519363856736867,-0.04830894324778079,-0.004359928001055384,-0.3468846953195879,0.6609968900715572
2020-12-09,-0.0025698481607401,-0.0019784818288769703,0.0004050513558180313,0.2504504759083491,-0.3971721203962456,-0.04790389189196276,-0.0023835331846950017,-0.34926822850428285,0.5749754076264002
2020-12-10,-0.008919617030761244,-0.02336200073522103,-0.016324698233807666,0.24153085887758788,-0.42053412113146665,-0.06422859012577042,-0.0070373025014133644,-0.35630553100569623,0.5621586201745467
2020-12-11,-0.0006610811928164918,0.007242285578900946,0.012019520344651369,0.24086977768477139,-0.4132918355525657,-0.052209069781119055,-0.004777234765750423,-0.36108276577144666,0.5677287382516885
2020-12-14,0.0010461180929027792,0.0019075272594322545,0.0029889072764017754,0.24191589577767417,-0.41138430829313344,-0.04922016250471728,-0.001081380016969521,-0.36216414578841616,0.54280622134926
2020-12-15,-0.013479237117685148,-0.01689844771395932,-0.00808849833748937,0.22843665865998902,-0.42828275600709276,-0.05730866084220665,-0.00880994937646995,-0.3709740951648861,0.5897868409807244
2020-12-16,0.013472580824892735,0.016180045626612193,0.008294131613746814,0.24190923948488174,-0.4121027103804806,-0.049014529228459836,0.00788591401286538,-0.36308818115202074,0.5668276530712991
2020-12-17,-0.005491536561743544,-0.00569155995826485,-0.003713543300058575,0.2364177029231382,-0.41779427033874544,-0.05272807252851841,-0.001978016658206275,-0.36506619781022703,0.5706850136476378
2020-12-18,0.004067024601856869,0.0146071572150906,0.017819524852420443,0.24048472752499508,-0.40318711312365485,-0.03490854767609797,-0.0032123676373298424,-0.3682785654475569,0.5747337378114173
2020-12-21,-0.01587291196154336,-0.029963349815499047,-0.021390897076315696,0.22461181556345172,-0.4331504629391539,-0.05629944475241366,-0.008572452739183351,-0.3768510181867402,0.5454142763137337
2020-12-22,-0.012001153322893077,-0.002464143478793045,0.007797571604031717,0.21261066224055863,-0.4356146064179469,-0.048501873148381947,-0.010261715082824762,-0.38711273326956497,0.5659605156799117
2020-12-23,-0.01484513084130849,-0.0270194000465922,-0.016021178548641046,0.19776553139925016,-0.4626340064645391,-0.06452305169702299,-0.010998221497951155,-0.3981109547675161,0.5972189473519319
2020-12-24,0.003838707616012404,0.009027524801810051,0.009948157649830591,0.20160423901526256,-0.45360648166272904,-0.0545748940471924,-0.0009206328480205403,-0.39903158761553664,0.5725312952468797
2020-12-25,-0.014011554918802864,-0.0170910191632295,-0.006391629553457179,0.18759268409645968,-0.4706975008259585,-0.06096652360064958,-0.01069938960977232,-0.40973097722530893,0.644316314703988
2020-12-28,0.02290547502124405,0.008378959873254592,-0.0064954551394880156,0.21049815911770373,-0.4623185409527039,-0.0674619787401376,0.014874415012742608,-0.3948565622125663,0.5443322752104639
2020-12-29,-0.0059869876645224935,0.0020496323273111396,0.007630960603107084,0.20451117145318123,-0.46026890862539277,-0.05983101813703051,-0.005581328275795945,-0.40043789048836226,0.5579355697547497
2020-12-30,0.005723653081112236,0.018664608213298434,0.018157608760803967,0.21023482453429346,-0.4416043004120943,-0.041673409376226545,0.0005069994524944665,-0.39993089103586776,0.6957928466007309
2020-12-31,0.0,0.0,0.0,0.21023482453429346,-0.4416043004120943,-0.041673409376226545,0.0,-0.39993089103586776,0.5568150913097157
